run_id,epoch,timestamp,elapsed_total_sec,train_loss_xy,train_loss_z,val_loss_xy,val_loss_z,psnr_xy,psnr_final,ssim_xy,ssim_final,ram_mb
Wang_2023_clean_260714_1759,1,1784044855.015648,64.42564964294434,0.08764490485191345,0.08467871695756912,0.08492411495910751,0.08564175822668606,25.63480161878798,26.00643411424425,0.5153393826882045,0.515721308655209,5505.744896
Wang_2023_clean_260714_1759,2,1784044878.2413783,87.65138006210327,0.06902189552783966,0.070139080286026,,,,,,,6261.198848
Wang_2023_clean_260714_1759,3,1784044899.5444043,108.95440602302551,0.07134409993886948,0.07224971801042557,,,,,,,7142.924288
Wang_2023_clean_260714_1759,4,1784044919.5939708,129.003972530365,0.06758278608322144,0.06822438538074493,,,,,,,7233.37216
Wang_2023_clean_260714_1759,5,1784044941.630516,151.04051780700684,0.0658474713563919,0.06640647351741791,,,,,,,7307.063296
Wang_2023_clean_260714_1759,6,1784044962.467942,171.87794375419617,0.0693945437669754,0.0698220282793045,,,,,,,7382.781952
Wang_2023_clean_260714_1759,7,1784044983.9846578,193.39465951919556,0.06855716556310654,0.06894201785326004,,,,,,,7503.089664
Wang_2023_clean_260714_1759,8,1784045005.0427961,214.45279788970947,0.07125509530305862,0.07180338352918625,,,,,,,7580.7744
Wang_2023_clean_260714_1759,9,1784045026.4426322,235.85263395309448,0.07135481387376785,0.07196621596813202,,,,,,,7648.190464
Wang_2023_clean_260714_1759,10,1784045074.152056,283.56205773353577,0.06661716103553772,0.06698038429021835,0.08013757886158096,0.08008058769007524,26.626973470052082,26.62385595533583,0.5379948284228643,0.5357857306136026,7736.635392
Wang_2023_clean_260714_1759,11,1784045096.1371167,305.54711842536926,0.07011160254478455,0.07040581107139587,,,,,,,7803.293696
Wang_2023_clean_260714_1759,12,1784045118.1831892,327.593190908432,0.06722337752580643,0.06763529777526855,,,,,,,7893.741568
Wang_2023_clean_260714_1759,13,1784045137.216233,346.62623476982117,0.06747612357139587,0.06773485243320465,,,,,,,7904.268288
Wang_2023_clean_260714_1759,14,1784045159.427862,368.83786368370056,0.06414350867271423,0.06465181708335876,,,,,,,7983.767552
Wang_2023_clean_260714_1759,15,1784045181.750161,391.16016268730164,0.06401883065700531,0.06422575563192368,,,,,,,8081.63328
Wang_2023_clean_260714_1759,16,1784045199.8543656,409.26436734199524,0.06294725090265274,0.06331848353147507,,,,,,,8082.18624
Wang_2023_clean_260714_1759,17,1784045218.3226671,427.73266887664795,0.06538444757461548,0.065911203622818,,,,,,,8082.460672
Wang_2023_clean_260714_1759,18,1784045236.3903732,445.8003749847412,0.06715694069862366,0.06750704348087311,,,,,,,8082.681856
Wang_2023_clean_260714_1759,19,1784045255.3385687,464.7485704421997,0.06605278700590134,0.06626926362514496,,,,,,,8083.030016
Wang_2023_clean_260714_1759,20,1784045303.6318157,513.0418174266815,0.06874223798513412,0.06901948153972626,0.08379805942376455,0.08380386154684756,25.897208082411023,26.603646121554906,0.5204778059985903,0.519187738166915,8181.096448
Wang_2023_clean_260714_1759,21,1784045324.8672874,534.2772891521454,0.06587634235620499,0.06596218049526215,,,,,,,8261.709824
Wang_2023_clean_260714_1759,22,1784045344.4430547,553.8530564308167,0.0701555460691452,0.07032698392868042,,,,,,,8302.538752
Wang_2023_clean_260714_1759,23,1784045362.4877667,571.897768497467,0.0653299018740654,0.06539168208837509,,,,,,,8304.20992
Wang_2023_clean_260714_1759,24,1784045381.2218795,590.63188123703,0.06560634821653366,0.06560277938842773,,,,,,,8322.084864
Wang_2023_clean_260714_1759,25,1784045403.7607586,613.1707603931427,0.06389033049345016,0.06402209401130676,,,,,,,8385.306624
Wang_2023_clean_260714_1759,26,1784045424.7749271,634.184928894043,0.0682840645313263,0.06824348866939545,,,,,,,8447.848448
Wang_2023_clean_260714_1759,27,1784045447.7854304,657.1954321861267,0.06902307271957397,0.0691450908780098,,,,,,,8510.328832
Wang_2023_clean_260714_1759,28,1784045469.041992,678.4519937038422,0.06650447100400925,0.06640017032623291,,,,,,,8590.307328
Wang_2023_clean_260714_1759,29,1784045486.0762556,695.486257314682,0.06917645037174225,0.06909191608428955,,,,,,,8590.630912
Wang_2023_clean_260714_1759,30,1784045528.6110072,738.0210089683533,0.06755757331848145,0.06768202781677246,0.08217067830264568,0.08234237750371297,26.38513660007053,26.341853502061632,0.5286405926280552,0.5283183471361796,8600.395776
Wang_2023_clean_260714_1759,31,1784045546.9500334,756.3600351810455,0.06716001778841019,0.06725866347551346,,,,,,,8600.653824
Wang_2023_clean_260714_1759,32,1784045569.3914464,778.8014481067657,0.06973596662282944,0.06974583119153976,,,,,,,8664.236032
Wang_2023_clean_260714_1759,33,1784045591.4321957,800.8421974182129,0.06385445594787598,0.06420350074768066,,,,,,,8736.948224
Wang_2023_clean_260714_1759,34,1784045609.2283716,818.638373374939,0.06400103867053986,0.06397399306297302,,,,,,,8737.271808
Wang_2023_clean_260714_1759,35,1784045630.4304554,839.840457201004,0.06487911939620972,0.06488138437271118,,,,,,,8802.07872
Wang_2023_clean_260714_1759,36,1784045652.1630044,861.5730061531067,0.06527502089738846,0.06545186042785645,,,,,,,8866.328576
Wang_2023_clean_260714_1759,37,1784045670.8653407,880.275342464447,0.06402004510164261,0.06397923082113266,,,,,,,8867.10272
Wang_2023_clean_260714_1759,38,1784045689.209613,898.6196148395538,0.06402382999658585,0.06413409858942032,,,,,,,8867.278848
Wang_2023_clean_260714_1759,39,1784045707.451206,916.8612077236176,0.06832309812307358,0.06820238381624222,,,,,,,8867.454976
Wang_2023_clean_260714_1759,40,1784045755.3826861,964.7926878929138,0.06560541689395905,0.06571727246046066,0.08548588461346096,0.08561724584135744,25.498742412990993,26.435843887329103,0.5126949734157986,0.5090631777710385,8941.34272
Wang_2023_clean_260714_1759,41,1784045773.854441,983.2644426822662,0.06716042757034302,0.066951684653759,,,,,,,8941.6704
Wang_2023_clean_260714_1759,42,1784045793.1453378,1002.5553395748138,0.0640776976943016,0.06422937661409378,,,,,,,8945.02912
Wang_2023_clean_260714_1759,43,1784045811.3717732,1020.7817749977112,0.06679192930459976,0.06676551699638367,,,,,,,8945.02912
Wang_2023_clean_260714_1759,44,1784045833.9481826,1043.358184337616,0.06787098199129105,0.06775685399770737,,,,,,,9008.234496
Wang_2023_clean_260714_1759,45,1784045851.648387,1061.058388710022,0.06445851176977158,0.06440246105194092,,,,,,,9008.562176
Wang_2023_clean_260714_1759,46,1784045873.95133,1083.3613317012787,0.06464248150587082,0.06471816450357437,,,,,,,9071.304704
Wang_2023_clean_260714_1759,47,1784045890.928112,1100.33811378479,0.06118500232696533,0.060875434428453445,,,,,,,9071.661056
Wang_2023_clean_260714_1759,48,1784045912.6769788,1122.0869805812836,0.06416381150484085,0.06407714635133743,,,,,,,9134.415872
Wang_2023_clean_260714_1759,49,1784045930.9231508,1140.3331525325775,0.06822319328784943,0.06790080666542053,,,,,,,9134.792704
Wang_2023_clean_260714_1759,50,1784045974.4086814,1183.8186831474304,0.060718536376953125,0.06084407866001129,0.08397037757767571,0.08416165978544288,25.878490176730686,26.50541017320421,0.5227096537086698,0.5221819823980332,9144.459264
Wang_2023_clean_260714_1759,51,1784045996.2480428,1205.658044576645,0.067597895860672,0.06761554628610611,,,,,,,9208.762368
Wang_2023_clean_260714_1759,52,1784046015.5009604,1224.9109621047974,0.06443663686513901,0.0641806423664093,,,,,,,9210.216448
Wang_2023_clean_260714_1759,53,1784046034.2842176,1243.6942193508148,0.06632677465677261,0.0661679357290268,,,,,,,9210.216448
Wang_2023_clean_260714_1759,54,1784046052.4987884,1261.9087901115417,0.06463733315467834,0.06486140936613083,,,,,,,9210.216448
Wang_2023_clean_260714_1759,55,1784046070.7951603,1280.2051620483398,0.06508038938045502,0.06492204964160919,,,,,,,9216.462848
Wang_2023_clean_260714_1759,56,1784046089.0583572,1298.4683589935303,0.06302709877490997,0.06273512542247772,,,,,,,9225.080832
Wang_2023_clean_260714_1759,57,1784046107.3420346,1316.752036333084,0.059635061770677567,0.05944150313735008,,,,,,,9227.546624
Wang_2023_clean_260714_1759,58,1784046125.1933799,1334.6033816337585,0.06458622217178345,0.06432022154331207,,,,,,,9227.739136
Wang_2023_clean_260714_1759,59,1784046147.326779,1356.7367806434631,0.06655821949243546,0.06650736182928085,,,,,,,9288.032256
Wang_2023_clean_260714_1759,60,1784046194.4376712,1403.8476729393005,0.06531384587287903,0.06495621800422668,0.07970425065192911,0.07959624433683024,26.83930231730143,26.519398388332792,0.5418277963664797,0.5433423431714376,9361.833984
Wang_2023_clean_260714_1759,61,1784046213.055427,1422.4654288291931,0.06553185731172562,0.06543876975774765,,,,,,,9362.374656
Wang_2023_clean_260714_1759,62,1784046235.344778,1444.7547798156738,0.06292233616113663,0.06277358531951904,,,,,,,9426.08384
Wang_2023_clean_260714_1759,63,1784046257.0093822,1466.4193840026855,0.06231316924095154,0.06233317777514458,,,,,,,9489.526784
Wang_2023_clean_260714_1759,64,1784046274.9853215,1484.3953232765198,0.062241192907094955,0.06199941039085388,,,,,,,9489.846272
Wang_2023_clean_260714_1759,65,1784046292.8114216,1502.2214233875275,0.0626915693283081,0.06245678663253784,,,,,,,9490.0224
Wang_2023_clean_260714_1759,66,1784046311.9408052,1521.3508069515228,0.06623131036758423,0.06612514704465866,,,,,,,9490.313216
Wang_2023_clean_260714_1759,67,1784046329.6617253,1539.0717270374298,0.06085589900612831,0.060463085770606995,,,,,,,9490.829312
Wang_2023_clean_260714_1759,68,1784046348.7513216,1558.1613233089447,0.06638570874929428,0.06629981845617294,,,,,,,9491.484672
Wang_2023_clean_260714_1759,69,1784046366.19243,1575.6024317741394,0.060597483068704605,0.06024554744362831,,,,,,,9491.787776
Wang_2023_clean_260714_1759,70,1784046409.6555388,1619.0655405521393,0.06188899278640747,0.06177118420600891,0.08327496595680714,0.08344999540183279,26.430337677001955,26.395549748738606,0.5226673819621404,0.5221184962325626,9502.375936
Wang_2023_clean_260714_1759,71,1784046428.214245,1637.6242468357086,0.06181081011891365,0.06174992769956589,,,,,,,9502.814208
Wang_2023_clean_260714_1759,72,1784046447.0314028,1656.44140458107,0.06367925554513931,0.06350069493055344,,,,,,,9504.149504
Wang_2023_clean_260714_1759,73,1784046469.2323327,1678.6423344612122,0.06261582672595978,0.06230463087558746,,,,,,,9569.308672
Wang_2023_clean_260714_1759,74,1784046487.4314506,1696.8414523601532,0.06321458518505096,0.06316720694303513,,,,,,,9579.2128
Wang_2023_clean_260714_1759,75,1784046506.2749472,1715.6849489212036,0.06384267657995224,0.06360948830842972,,,,,,,9589.317632
Wang_2023_clean_260714_1759,76,1784046525.0272393,1734.437241077423,0.06141352280974388,0.06115406006574631,,,,,,,9599.578112
Wang_2023_clean_260714_1759,77,1784046543.7925193,1753.2025210857391,0.06532742828130722,0.06532545387744904,,,,,,,9609.580544
Wang_2023_clean_260714_1759,78,1784046562.196046,1771.6060478687286,0.0660635232925415,0.06577631831169128,,,,,,,9620.180992
Wang_2023_clean_260714_1759,79,1784046580.711008,1790.1210098266602,0.06122925505042076,0.06112239882349968,,,,,,,9620.35712
Wang_2023_clean_260714_1759,80,1784046624.7394137,1834.1494154930115,0.0645918995141983,0.06446679681539536,0.08315458205011156,0.08367609492606587,26.233484946356878,26.641157726711697,0.5207480316691928,0.5187272273169623,9630.343168
Wang_2023_clean_260714_1759,81,1784046642.5262084,1851.936210155487,0.06300315260887146,0.06272685527801514,,,,,,,9630.507008
Wang_2023_clean_260714_1759,82,1784046661.2062397,1870.6162414550781,0.06003378704190254,0.05972478911280632,,,,,,,9631.768576
Wang_2023_clean_260714_1759,83,1784046680.1093764,1889.5193781852722,0.0603489987552166,0.060134854167699814,,,,,,,9631.756288
Wang_2023_clean_260714_1759,84,1784046699.860203,1909.270204782486,0.0640888661146164,0.06406540423631668,,,,,,,9631.768576
Wang_2023_clean_260714_1759,85,1784046718.9285073,1928.3385090827942,0.06247732788324356,0.06242862716317177,,,,,,,9631.78496
Wang_2023_clean_260714_1759,86,1784046739.9404423,1949.3504440784454,0.06510888785123825,0.06462662667036057,,,,,,,9709.477888
Wang_2023_clean_260714_1759,87,1784046759.123303,1968.5333046913147,0.06646888703107834,0.06630069762468338,,,,,,,9709.809664
Wang_2023_clean_260714_1759,88,1784046777.6511335,1987.0611352920532,0.0643821656703949,0.06429333239793777,,,,,,,9709.973504
Wang_2023_clean_260714_1759,89,1784046796.3139744,2005.723976135254,0.06273126602172852,0.06250348687171936,,,,,,,9710.149632
Wang_2023_clean_260714_1759,90,1784046839.4771574,2048.8871591091156,0.06438387185335159,0.06402314454317093,0.08127240889602237,0.08113688218924735,26.830028796725802,26.36495052761502,0.5337212424808079,0.5332630768749449,9719.62368
Wang_2023_clean_260714_1759,91,1784046857.7031355,2067.113137245178,0.06564024090766907,0.06538855284452438,,,,,,,9719.812096
Wang_2023_clean_260714_1759,92,1784046876.7913027,2086.20130443573,0.05997704342007637,0.05982072651386261,,,,,,,9721.208832
Wang_2023_clean_260714_1759,93,1784046894.8423188,2104.2523205280304,0.062052663415670395,0.06194447726011276,,,,,,,9722.212352
Wang_2023_clean_260714_1759,94,1784046913.2942586,2122.7042603492737,0.06313825398683548,0.06299669295549393,,,,,,,9722.34752
Wang_2023_clean_260714_1759,95,1784046932.1101305,2141.520132303238,0.06425868719816208,0.06405512243509293,,,,,,,9722.359808
Wang_2023_clean_260714_1759,96,1784046953.581268,2162.991269826889,0.06205810606479645,0.06194750592112541,,,,,,,9783.955456
Wang_2023_clean_260714_1759,97,1784046972.9192863,2182.329288005829,0.06629499793052673,0.06605438143014908,,,,,,,9783.422976
Wang_2023_clean_260714_1759,98,1784046991.287199,2200.6972007751465,0.061757899820804596,0.061371561139822006,,,,,,,9783.68512
Wang_2023_clean_260714_1759,99,1784047009.8792667,2219.2892684936523,0.06546031683683395,0.06519390642642975,,,,,,,9783.853056
Wang_2023_clean_260714_1759,100,1784047053.7541397,2263.1641414165497,0.06494053453207016,0.06484268605709076,0.08373986796372467,0.08365469350583024,25.89687491522895,26.494946704440647,0.5190074063009686,0.5207945053444968,9793.818624
Wang_2023_clean_260714_1759,101,1784047072.6203253,2282.0303270816803,0.05933857709169388,0.059341754764318466,,,,,,,9794.093056
Wang_2023_clean_260714_1759,102,1784047094.6092274,2304.0192291736603,0.06012004241347313,0.059901561588048935,,,,,,,9859.46112
Wang_2023_clean_260714_1759,103,1784047113.2136188,2322.6236205101013,0.06340965628623962,0.06328339129686356,,,,,,,9859.7888
Wang_2023_clean_260714_1759,104,1784047130.9728324,2340.3828341960907,0.0641014575958252,0.0637906864285469,,,,,,,9859.95264
Wang_2023_clean_260714_1759,105,1784047148.9661584,2358.376160144806,0.06075890734791756,0.06050926074385643,,,,,,,9861.169152
Wang_2023_clean_260714_1759,106,1784047168.1614602,2377.57146191597,0.06327992677688599,0.06304070353507996,,,,,,,9861.36576
Wang_2023_clean_260714_1759,107,1784047189.0321455,2398.442147254944,0.06058167293667793,0.060378190129995346,,,,,,,9922.555904
Wang_2023_clean_260714_1759,108,1784047207.4595754,2416.8695771694183,0.05935453251004219,0.05907466262578964,,,,,,,9922.8672
Wang_2023_clean_260714_1759,109,1784047225.8342316,2435.2442333698273,0.06301923841238022,0.06265291571617126,,,,,,,9923.055616
Wang_2023_clean_260714_1759,110,1784047267.9222813,2477.3322830200195,0.06368974596261978,0.06339223682880402,0.08370109541548623,0.08343701241744889,26.00312353346083,26.498317472669815,0.5224872218237983,0.5226482077439626,9932.652544
Wang_2023_clean_260714_1759,111,1784047286.5267286,2495.9367303848267,0.06315667182207108,0.0628747045993805,,,,,,,9932.816384
Wang_2023_clean_260714_1759,112,1784047306.3069692,2515.7169709205627,0.06359770148992538,0.0631789043545723,,,,,,,10952.962048
Wang_2023_clean_260714_1759,113,1784047324.4643147,2533.8743164539337,0.0628800168633461,0.06274561583995819,,,,,,,10952.962048
Wang_2023_clean_260714_1759,114,1784047342.6533456,2552.06334733963,0.06280966103076935,0.06251111626625061,,,,,,,10952.974336
Wang_2023_clean_260714_1759,115,1784047361.8053029,2571.2153046131134,0.06091548129916191,0.06079215928912163,,,,,,,10952.962048
Wang_2023_clean_260714_1759,116,1784047379.8735073,2589.283509016037,0.05668050795793533,0.05637025833129883,,,,,,,10952.962048
Wang_2023_clean_260714_1759,117,1784047401.1623936,2610.572395324707,0.06160064786672592,0.061227887868881226,,,,,,,11014.406144
Wang_2023_clean_260714_1759,118,1784047420.592309,2630.0023107528687,0.061156608164310455,0.060916412621736526,,,,,,,11014.705152
Wang_2023_clean_260714_1759,119,1784047439.0849028,2648.4949045181274,0.057878926396369934,0.05770347639918327,,,,,,,11012.93568
Wang_2023_clean_260714_1759,120,1784047486.2016213,2695.6116230487823,0.06176115572452545,0.0618525967001915,0.08435259968042373,0.08467668186459276,25.490097842746312,26.628323169284396,0.5179668884807163,0.5172587539752325,11085.53728
Wang_2023_clean_260714_1759,121,1784047504.4024558,2713.812457561493,0.061709702014923096,0.06149119511246681,,,,,,,11085.86496
Wang_2023_clean_260714_1759,122,1784047523.9309826,2733.3409843444824,0.06334374845027924,0.06305340677499771,,,,,,,11087.163392
Wang_2023_clean_260714_1759,123,1784047541.9689317,2751.378933429718,0.0615985170006752,0.061304010450839996,,,,,,,11087.151104
Wang_2023_clean_260714_1759,124,1784047560.6955833,2770.1055850982666,0.06095055863261223,0.0606689378619194,,,,,,,11087.163392
Wang_2023_clean_260714_1759,125,1784047578.37168,2787.7816817760468,0.06535325944423676,0.0650184154510498,,,,,,,11087.163392
Wang_2023_clean_260714_1759,126,1784047597.4391515,2806.849153280258,0.061012472957372665,0.06066325679421425,,,,,,,11087.1552
Wang_2023_clean_260714_1759,127,1784047615.9849064,2825.3949081897736,0.06285739690065384,0.06255187094211578,,,,,,,11087.327232
Wang_2023_clean_260714_1759,128,1784047634.8514044,2844.261406183243,0.06306539475917816,0.06298362463712692,,,,,,,11087.52384
Wang_2023_clean_260714_1759,129,1784047652.8022785,2862.2122802734375,0.05948415771126747,0.05925825238227844,,,,,,,11087.68768
Wang_2023_clean_260714_1759,130,1784047694.767628,2904.177629709244,0.058321356773376465,0.05794864520430565,0.08154862853387991,0.08120033191310035,26.82651461283366,26.366782133314345,0.526264864007632,0.530058181087176,11097.14944
Wang_2023_clean_260714_1759,131,1784047713.4107277,2922.820729494095,0.060155149549245834,0.05977466702461243,,,,,,,11097.337856
Wang_2023_clean_260714_1759,132,1784047733.0791078,2942.489109516144,0.061611857265233994,0.06144587695598602,,,,,,,11098.251264
Wang_2023_clean_260714_1759,133,1784047751.1233006,2960.533302307129,0.058533765375614166,0.05806944519281387,,,,,,,11098.263552
Wang_2023_clean_260714_1759,134,1784047769.5740762,2978.9840779304504,0.0616208091378212,0.06138225644826889,,,,,,,11098.263552
Wang_2023_clean_260714_1759,135,1784047786.6384783,2996.0484800338745,0.06299813836812973,0.062767393887043,,,,,,,11098.361856
Wang_2023_clean_260714_1759,136,1784047806.0123644,3015.422366142273,0.061299439519643784,0.060924917459487915,,,,,,,11098.37824
Wang_2023_clean_260714_1759,137,1784047824.1391366,3033.5491383075714,0.06045001372694969,0.06016886234283447,,,,,,,11098.546176
Wang_2023_clean_260714_1759,138,1784047842.5802875,3051.990289211273,0.0587957389652729,0.058770161122083664,,,,,,,11098.710016
Wang_2023_clean_260714_1759,139,1784047860.7427902,3070.1527919769287,0.058808378875255585,0.05877267196774483,,,,,,,11098.914816
Wang_2023_clean_260714_1759,140,1784047903.2128465,3112.6228482723236,0.06071310117840767,0.06042029708623886,0.0837168988916609,0.0839511365774605,25.950640207926433,26.49021829393175,0.5179268197218577,0.5188640145460764,11108.343808
Wang_2023_clean_260714_1759,141,1784047921.9753375,3131.3853392601013,0.0594426654279232,0.05910315364599228,,,,,,,11108.519936
Wang_2023_clean_260714_1759,142,1784047941.1119874,3150.521989107132,0.05981201305985451,0.0593949519097805,,,,,,,11109.421056
Wang_2023_clean_260714_1759,143,1784047959.2841895,3168.6941912174225,0.05935845524072647,0.059227392077445984,,,,,,,11109.433344
Wang_2023_clean_260714_1759,144,1784047976.8592634,3186.2692651748657,0.06296978890895844,0.06263512372970581,,,,,,,11109.433344
Wang_2023_clean_260714_1759,145,1784047995.4549813,3204.8649830818176,0.06400545686483383,0.0637088492512703,,,,,,,11109.421056
Wang_2023_clean_260714_1759,146,1784048014.3878057,3223.797807455063,0.058097027242183685,0.05812634155154228,,,,,,,11109.453824
Wang_2023_clean_260714_1759,147,1784048032.2721553,3241.6821570396423,0.058434151113033295,0.05802939087152481,,,,,,,11109.629952
Wang_2023_clean_260714_1759,148,1784048050.2837052,3259.6937069892883,0.06160152330994606,0.061258766800165176,,,,,,,11109.793792
Wang_2023_clean_260714_1759,149,1784048067.857321,3277.267322778702,0.06010103225708008,0.05972331389784813,,,,,,,11109.982208
Wang_2023_clean_260714_1759,150,1784048109.2867305,3318.6967322826385,0.058183472603559494,0.05770042538642883,0.0835664395077361,0.08352407556441095,26.61976786295573,26.038537224663628,0.5213536227411694,0.5228502106004291,11119.43168
Wang_2023_clean_260714_1759,151,1784048127.717777,3337.1277787685394,0.05988715589046478,0.059571634978055954,,,,,,,11119.607808
Wang_2023_clean_260714_1759,152,1784048146.4072182,3355.8172199726105,0.056724466383457184,0.05636127293109894,,,,,,,11120.480256
Wang_2023_clean_260714_1759,153,1784048165.486995,3374.8969967365265,0.05699412152171135,0.056945253163576126,,,,,,,11120.480256
Wang_2023_clean_260714_1759,154,1784048184.3040817,3393.7140834331512,0.05762389674782753,0.05750533565878868,,,,,,,11120.480256
Wang_2023_clean_260714_1759,155,1784048202.615636,3412.0256378650665,0.05463205277919769,0.054611802101135254,,,,,,,11120.480256
Wang_2023_clean_260714_1759,156,1784048219.9557295,3429.365731239319,0.06414707005023956,0.0637388601899147,,,,,,,11120.484352
Wang_2023_clean_260714_1759,157,1784048238.0962718,3447.506273508072,0.059886958450078964,0.05977228656411171,,,,,,,11120.7424
Wang_2023_clean_260714_1759,158,1784048256.109495,3465.519496679306,0.05708175152540207,0.056977126747369766,,,,,,,11120.92672
Wang_2023_clean_260714_1759,159,1784048274.5604906,3483.970492362976,0.061208609491586685,0.060881488025188446,,,,,,,11121.102848
Wang_2023_clean_260714_1759,160,1784048317.1429513,3526.552953004837,0.060243867337703705,0.05998999997973442,0.08414903470211559,0.08435587227344513,25.99469111972385,26.363591062757703,0.5140742274787691,0.517272583246231,11133.300736
Wang_2023_clean_260714_1759,161,1784048336.1431837,3545.5531854629517,0.05688267573714256,0.0567232146859169,,,,,,,11133.66528
Wang_2023_clean_260714_1759,162,1784048355.5673242,3564.9773259162903,0.0593467578291893,0.05904419720172882,,,,,,,11134.574592
Wang_2023_clean_260714_1759,163,1784048374.9919987,3584.402000427246,0.056683946400880814,0.05670821666717529,,,,,,,11134.574592
Wang_2023_clean_260714_1759,164,1784048392.0494323,3601.45943403244,0.060646381229162216,0.060226522386074066,,,,,,,11134.705664
Wang_2023_clean_260714_1759,165,1784048410.6303163,3620.0403180122375,0.05986563861370087,0.05973609909415245,,,,,,,11134.705664
Wang_2023_clean_260714_1759,166,1784048428.2269604,3637.6369621753693,0.06211034208536148,0.06175708770751953,,,,,,,11134.70976
Wang_2023_clean_260714_1759,167,1784048447.8141308,3657.224132537842,0.06242738664150238,0.06208430603146553,,,,,,,11134.877696
Wang_2023_clean_260714_1759,168,1784048465.1337194,3674.5437211990356,0.060331668704748154,0.059919942170381546,,,,,,,11135.053824
Wang_2023_clean_260714_1759,169,1784048484.1253176,3693.535319328308,0.058354027569293976,0.0582287460565567,,,,,,,11135.520768
Wang_2023_clean_260714_1759,170,1784048527.3226805,3736.7326822280884,0.05876019969582558,0.05851731449365616,0.08785861369636323,0.08818451437685225,25.405746392144096,25.93232457478841,0.49651984552542366,0.49523713171482087,11144.966144
Wang_2023_clean_260714_1759,171,1784048546.1815236,3755.5915253162384,0.05709151551127434,0.05694446712732315,,,,,,,11145.23648
Wang_2023_clean_260714_1759,172,1784048565.2053032,3774.6153049468994,0.054725997149944305,0.05455626919865608,,,,,,,11146.133504
Wang_2023_clean_260714_1759,173,1784048583.382216,3792.792217731476,0.06400439143180847,0.0636366754770279,,,,,,,11146.133504
Wang_2023_clean_260714_1759,174,1784048601.374755,3810.7847566604614,0.059199538081884384,0.05876901000738144,,,,,,,11146.133504
Wang_2023_clean_260714_1759,175,1784048619.3710158,3828.7810175418854,0.06244296208024025,0.06202956661581993,,,,,,,11146.133504
Wang_2023_clean_260714_1759,176,1784048637.1784437,3846.5884454250336,0.059724826365709305,0.05923370271921158,,,,,,,11146.174464
Wang_2023_clean_260714_1759,177,1784048655.905483,3865.3154847621918,0.058954354375600815,0.05856386944651604,,,,,,,11146.350592
Wang_2023_clean_260714_1759,178,1784048674.0360029,3883.446004629135,0.05995742231607437,0.05970899760723114,,,,,,,11146.52672
Wang_2023_clean_260714_1759,179,1784048692.148186,3901.55818772316,0.06280265003442764,0.06243604049086571,,,,,,,11146.702848
Wang_2023_clean_260714_1759,180,1784048735.4520164,3944.862018108368,0.05842619761824608,0.05805737152695656,0.08130136691861682,0.08144078434341484,26.013204065958657,26.6847962697347,0.5321927560038037,0.5298318345679177,11156.148224
Wang_2023_clean_260714_1759,181,1784048753.3073075,3962.7173092365265,0.0629316046833992,0.0624874122440815,,,,,,,11156.324352
Wang_2023_clean_260714_1759,182,1784048771.9877934,3981.397795200348,0.05538829788565636,0.05506855621933937,,,,,,,11157.192704
Wang_2023_clean_260714_1759,183,1784048789.971336,3999.3813376426697,0.060569990426301956,0.06006373092532158,,,,,,,11157.192704
Wang_2023_clean_260714_1759,184,1784048808.8425386,4018.2525403499603,0.055636025965213776,0.05548510700464249,,,,,,,11157.192704
Wang_2023_clean_260714_1759,185,1784048827.3037694,4036.7137711048126,0.06052526459097862,0.06011233106255531,,,,,,,11157.192704
Wang_2023_clean_260714_1759,186,1784048846.2081573,4055.61815905571,0.05928986147046089,0.05895356461405754,,,,,,,11157.303296
Wang_2023_clean_260714_1759,187,1784048865.1353595,4074.5453612804413,0.060566890984773636,0.06033743545413017,,,,,,,11157.512192
Wang_2023_clean_260714_1759,188,1784048882.8302162,4092.240217924118,0.06012774631381035,0.05961540713906288,,,,,,,11157.68832
Wang_2023_clean_260714_1759,189,1784048901.5492363,4110.959238052368,0.05873207747936249,0.05843089520931244,,,,,,,11157.864448
Wang_2023_clean_260714_1759,190,1784048944.5355985,4153.945600271225,0.05657758191227913,0.05652148649096489,0.08429589024848408,0.0846244051390224,25.44505697462294,26.660464901394313,0.5187800887558195,0.520614094071918,11167.326208
Wang_2023_clean_260714_1759,191,1784048963.2701592,4172.680160999298,0.057923488318920135,0.0574805848300457,,,,,,,11164.557312
Wang_2023_clean_260714_1759,192,1784048982.564184,4191.974185705185,0.06032214313745499,0.06017246097326279,,,,,,,11165.42976
Wang_2023_clean_260714_1759,193,1784049000.8132577,4210.223259449005,0.06011761352419853,0.059635188430547714,,,,,,,11165.42976
Wang_2023_clean_260714_1759,194,1784049018.760318,4228.1703197956085,0.05796255171298981,0.05758047103881836,,,,,,,11165.42976
Wang_2023_clean_260714_1759,195,1784049037.6021113,4247.01211309433,0.06189952790737152,0.06157621368765831,,,,,,,11165.42976
Wang_2023_clean_260714_1759,196,1784049055.5074763,4264.917478084564,0.060041435062885284,0.05950330197811127,,,,,,,11165.581312
Wang_2023_clean_260714_1759,197,1784049073.9162335,4283.326235294342,0.05781872570514679,0.05733390152454376,,,,,,,11165.75744
Wang_2023_clean_260714_1759,198,1784049091.6872451,4301.0972468853,0.05967896804213524,0.05910300463438034,,,,,,,11165.933568
Wang_2023_clean_260714_1759,199,1784049109.7845473,4319.19454908371,0.057186421006917953,0.05669773742556572,,,,,,,11166.109696
Wang_2023_clean_260714_1759,200,1784049152.4208844,4361.830886125565,0.06113770231604576,0.06061067059636116,0.08231724553638034,0.082683993809753,26.654064763387044,26.196347783406576,0.5269373023509979,0.5261783452828726,11175.542784
Wang_2023_clean_260714_1759,201,1784049170.8403654,4380.250367164612,0.059347424656152725,0.05882447585463524,,,,,,,11175.718912
Wang_2023_clean_260714_1759,202,1784049190.448301,4399.85830283165,0.058163292706012726,0.0579625628888607,,,,,,,11176.599552
Wang_2023_clean_260714_1759,203,1784049209.5359952,4418.945996999741,0.05280311405658722,0.05266480892896652,,,,,,,11176.6528
Wang_2023_clean_260714_1759,204,1784049227.5803516,4436.990353345871,0.06005741283297539,0.05967436358332634,,,,,,,11176.6528
Wang_2023_clean_260714_1759,205,1784049246.394212,4455.804213762283,0.06136512756347656,0.060783736407756805,,,,,,,11176.6528
Wang_2023_clean_260714_1759,206,1784049265.0490499,4474.459051609039,0.061607182025909424,0.061171259731054306,,,,,,,11176.69376
Wang_2023_clean_260714_1759,207,1784049282.792844,4492.202845811844,0.058919861912727356,0.05850067734718323,,,,,,,11176.869888
Wang_2023_clean_260714_1759,208,1784049301.2694814,4510.679483175278,0.060025252401828766,0.059513989835977554,,,,,,,11177.046016
Wang_2023_clean_260714_1759,209,1784049319.531033,4528.941034793854,0.05992959812283516,0.059561531990766525,,,,,,,11177.611264
Wang_2023_clean_260714_1759,210,1784049361.8268678,4571.236869573593,0.05882912501692772,0.058334484696388245,0.0848173264414072,0.08471481998761494,26.4312644788954,25.88316246032715,0.5116246594323053,0.5140925535228518,11187.05664
Wang_2023_clean_260714_1759,211,1784049380.0331612,4589.443162918091,0.05681927874684334,0.05665191635489464,,,,,,,11187.232768
Wang_2023_clean_260714_1759,212,1784049400.0272818,4609.43728351593,0.058760419487953186,0.05837397277355194,,,,,,,11188.113408
Wang_2023_clean_260714_1759,213,1784049419.4387865,4628.848788261414,0.059544678777456284,0.059329770505428314,,,,,,,11188.113408
Wang_2023_clean_260714_1759,214,1784049437.385361,4646.795362710953,0.05480128154158592,0.0542815662920475,,,,,,,11188.10112
Wang_2023_clean_260714_1759,215,1784049455.3584216,4664.768423318863,0.05661766603589058,0.05598104000091553,,,,,,,11188.445184
Wang_2023_clean_260714_1759,216,1784049472.97774,4682.387741804123,0.05777489393949509,0.05716510862112045,,,,,,,11188.461568
Wang_2023_clean_260714_1759,217,1784049491.467684,4700.877685785294,0.06228203326463699,0.06170206889510155,,,,,,,11188.625408
Wang_2023_clean_260714_1759,218,1784049510.1789746,4719.588976383209,0.059775084257125854,0.059195175766944885,,,,,,,11188.801536
Wang_2023_clean_260714_1759,219,1784049528.234124,4737.644125699997,0.056893736124038696,0.05640435591340065,,,,,,,11189.014528
Wang_2023_clean_260714_1759,220,1784049569.5465958,4778.956597566605,0.057983193546533585,0.05742621049284935,0.08466217339866691,0.08467144604358408,26.308982883029515,26.089227693345812,0.5096455642249849,0.5112797059615453,11198.459904
Wang_2023_clean_260714_1759,221,1784049587.6223116,4797.032313346863,0.05784309282898903,0.05738520249724388,,,,,,,11198.623744
Wang_2023_clean_260714_1759,222,1784049606.3522494,4815.762251138687,0.06299550086259842,0.062380701303482056,,,,,,,11199.524864
Wang_2023_clean_260714_1759,223,1784049624.002806,4833.412807703018,0.05894079804420471,0.058361709117889404,,,,,,,11199.524864
Wang_2023_clean_260714_1759,224,1784049642.0518203,4851.4618220329285,0.05469461902976036,0.05441881716251373,,,,,,,11199.512576
Wang_2023_clean_260714_1759,225,1784049660.1528597,4869.562861442566,0.055759329348802567,0.05559641495347023,,,,,,,11199.524864
Wang_2023_clean_260714_1759,226,1784049677.920901,4887.330902814865,0.06065608188509941,0.060127779841423035,,,,,,,11199.553536
Wang_2023_clean_260714_1759,227,1784049696.2751594,4905.685161113739,0.0567818321287632,0.05623464658856392,,,,,,,11199.717376
Wang_2023_clean_260714_1759,228,1784049714.1282961,4923.538297891617,0.057153843343257904,0.05666228011250496,,,,,,,11199.905792
Wang_2023_clean_260714_1759,229,1784049732.7060885,4942.116090297699,0.06082974001765251,0.060353610664606094,,,,,,,11200.1024
Wang_2023_clean_260714_1759,230,1784049774.635392,4984.045393705368,0.05817103013396263,0.05763795226812363,0.08505889040728411,0.08494578464991516,26.020121553209094,26.26964249504937,0.5106887286901474,0.5120908000734117,11212.148736
Wang_2023_clean_260714_1759,231,1784049792.661622,5002.071623802185,0.06098169460892677,0.06038323789834976,,,,,,,11212.443648
Wang_2023_clean_260714_1759,232,1784049811.9452562,5021.355257987976,0.05828259140253067,0.05802446976304054,,,,,,,11213.344768
Wang_2023_clean_260714_1759,233,1784049830.2632563,5039.673258066177,0.061652928590774536,0.06122294068336487,,,,,,,11213.340672
Wang_2023_clean_260714_1759,234,1784049849.2571838,5058.667185544968,0.0573650561273098,0.0569019690155983,,,,,,,11213.35296
Wang_2023_clean_260714_1759,235,1784049867.073083,5076.48308467865,0.05924573913216591,0.05870070680975914,,,,,,,11213.35296
Wang_2023_clean_260714_1759,236,1784049885.746335,5095.156336784363,0.05930822342634201,0.058652445673942566,,,,,,,11213.443072
Wang_2023_clean_260714_1759,237,1784049904.2226,5113.632601737976,0.05843400955200195,0.058118145912885666,,,,,,,11213.631488
Wang_2023_clean_260714_1759,238,1784049921.9004009,5131.31040263176,0.06269708275794983,0.06209152936935425,,,,,,,11213.807616
Wang_2023_clean_260714_1759,239,1784049940.3680973,5149.778099060059,0.05676751583814621,0.05623719468712807,,,,,,,11213.971456
Wang_2023_clean_260714_1759,240,1784049983.4100308,5192.820032596588,0.05369874835014343,0.05356889218091965,0.0836947021385034,0.08400694629384411,25.540592659844293,26.755732650756837,0.5186272904607985,0.5175471047560374,11223.416832
Wang_2023_clean_260714_1759,241,1784050001.5803597,5210.990361452103,0.052144747227430344,0.05191837623715401,,,,,,,11223.703552
Wang_2023_clean_260714_1759,242,1784050019.8739018,5229.283903598785,0.057020340114831924,0.05643067508935928,,,,,,,11224.588288
Wang_2023_clean_260714_1759,243,1784050038.2720091,5247.682010889053,0.0562816858291626,0.05567149445414543,,,,,,,11224.576
Wang_2023_clean_260714_1759,244,1784050056.3861785,5265.7961802482605,0.059932708740234375,0.05931898206472397,,,,,,,11226.382336
Wang_2023_clean_260714_1759,245,1784050074.069223,5283.479224681854,0.05942883342504501,0.05898582562804222,,,,,,,11226.382336
Wang_2023_clean_260714_1759,246,1784050091.7759795,5301.185981273651,0.05796080827713013,0.05732741579413414,,,,,,,11226.423296
Wang_2023_clean_260714_1759,247,1784050110.783375,5320.193376779556,0.05736099183559418,0.05695291608572006,,,,,,,11226.894336
Wang_2023_clean_260714_1759,248,1784050129.4909725,5338.900974273682,0.05972747132182121,0.05922943726181984,,,,,,,11227.070464
Wang_2023_clean_260714_1759,249,1784050149.4374175,5358.847419261932,0.05899395793676376,0.05863173305988312,,,,,,,11228.229632
Wang_2023_clean_260714_1759,250,1784050191.3971176,5400.807119369507,0.05753538757562637,0.0570979043841362,0.08487856812775135,0.08485270955496364,25.982757958306205,26.28413224114312,0.5123999440670013,0.5128165865606732,11260.035072
Wang_2023_clean_260714_1759,251,1784050209.9706628,5419.380664587021,0.057483572512865067,0.05690932646393776,,,,,,,11270.463488
Wang_2023_clean_260714_1759,252,1784050229.3926215,5438.802623271942,0.058112889528274536,0.057569343596696854,,,,,,,11271.307264
Wang_2023_clean_260714_1759,253,1784050248.5232012,5457.933202981949,0.05750899016857147,0.057171355932950974,,,,,,,11271.319552
Wang_2023_clean_260714_1759,254,1784050266.884441,5476.294442653656,0.057231415063142776,0.05653636157512665,,,,,,,11269.881856
Wang_2023_clean_260714_1759,255,1784050285.794277,5495.204278707504,0.05815023556351662,0.057893600314855576,,,,,,,11270.836224
Wang_2023_clean_260714_1759,256,1784050304.2946436,5513.704645395279,0.05711987987160683,0.0566239096224308,,,,,,,11281.186816
Wang_2023_clean_260714_1759,257,1784050323.2664404,5532.676442146301,0.05602157488465309,0.05560354143381119,,,,,,,11291.205632
Wang_2023_clean_260714_1759,258,1784050340.2922795,5549.702281236649,0.05681614577770233,0.056212201714515686,,,,,,,11300.818944
Wang_2023_clean_260714_1759,259,1784050359.4482028,5568.858204603195,0.058410562574863434,0.058026865124702454,,,,,,,11301.269504
Wang_2023_clean_260714_1759,260,1784050401.475815,5610.885816812515,0.05816850811243057,0.05769042298197746,0.08365377717547946,0.08377061266038154,26.30984651353624,26.338363647460938,0.5125321522686217,0.513787509335412,11310.718976
Wang_2023_clean_260714_1759,261,1784050419.5508866,5628.960888385773,0.06117192655801773,0.06054742634296417,,,,,,,11310.821376
Wang_2023_clean_260714_1759,262,1784050438.3602896,5647.77029132843,0.058734212070703506,0.058086052536964417,,,,,,,11328.69632
Wang_2023_clean_260714_1759,263,1784050456.9165916,5666.326593399048,0.056382838636636734,0.05628559738397598,,,,,,,11328.708608
Wang_2023_clean_260714_1759,264,1784050476.113272,5685.523273706436,0.05764229595661163,0.05721326917409897,,,,,,,11328.995328
Wang_2023_clean_260714_1759,265,1784050494.327061,5703.737062692642,0.05866102874279022,0.05810068920254707,,,,,,,11328.98304
Wang_2023_clean_260714_1759,266,1784050513.0393014,5722.449303150177,0.05699578672647476,0.05632796138525009,,,,,,,11337.064448
Wang_2023_clean_260714_1759,267,1784050531.2553177,5740.665319442749,0.05644502118229866,0.05601489543914795,,,,,,,11337.240576
Wang_2023_clean_260714_1759,268,1784050549.8523965,5759.26239824295,0.05655137449502945,0.05598951876163483,,,,,,,11337.404416
Wang_2023_clean_260714_1759,269,1784050568.769618,5778.1796197891235,0.05699431151151657,0.05672470107674599,,,,,,,11337.592832
Wang_2023_clean_260714_1759,270,1784050610.9344282,5820.344429969788,0.05985736846923828,0.05934261158108711,0.08404823336336348,0.08430551706088914,25.949341922336153,26.47022883097331,0.5172637857993444,0.5168790933820936,11358.04416
Wang_2023_clean_260714_1759,271,1784050630.038766,5839.448767662048,0.05324599891901016,0.05304023623466492,,,,,,,11372.056576
Wang_2023_clean_260714_1759,272,1784050649.0820634,5858.492065191269,0.05799262225627899,0.05738021805882454,,,,,,,11385.7536
Wang_2023_clean_260714_1759,273,1784050667.0089922,5876.41899394989,0.05417901277542114,0.05356258898973465,,,,,,,11385.7536
Wang_2023_clean_260714_1759,274,1784050686.075268,5895.485269784927,0.055589836090803146,0.05536038056015968,,,,,,,11397.279744
Wang_2023_clean_260714_1759,275,1784050704.9014673,5914.311469078064,0.05457143113017082,0.0541064515709877,,,,,,,11397.279744
Wang_2023_clean_260714_1759,276,1784050723.5708058,5932.980807542801,0.05584140121936798,0.055150121450424194,,,,,,,11397.320704
Wang_2023_clean_260714_1759,277,1784050741.826597,5951.236598730087,0.0631018802523613,0.06242036819458008,,,,,,,11397.496832
Wang_2023_clean_260714_1759,278,1784050760.162293,5969.572294712067,0.05605100467801094,0.055498573929071426,,,,,,,11397.67296
Wang_2023_clean_260714_1759,279,1784050778.3344066,5987.744408369064,0.05938691273331642,0.058756809681653976,,,,,,,11397.849088
Wang_2023_clean_260714_1759,280,1784050821.2837026,6030.693704366684,0.053649164736270905,0.05325179919600487,0.08119750842452049,0.08119256522092555,26.106939247979057,26.993026869032118,0.533537031478352,0.5343525728252199,11410.014208
Wang_2023_clean_260714_1759,281,1784050839.9828124,6049.392814159393,0.05840790271759033,0.05793502926826477,,,,,,,11410.321408
Wang_2023_clean_260714_1759,282,1784050859.313035,6068.723036766052,0.054917000234127045,0.05428536236286163,,,,,,,11411.218432
Wang_2023_clean_260714_1759,283,1784050877.1293025,6086.539304256439,0.05700749531388283,0.05634700134396553,,,,,,,11411.218432
Wang_2023_clean_260714_1759,284,1784050896.010429,6105.420430660248,0.05632839724421501,0.05601821839809418,,,,,,,11411.218432
Wang_2023_clean_260714_1759,285,1784050915.2478504,6124.657852172852,0.058108653873205185,0.05751653015613556,,,,,,,11411.218432
Wang_2023_clean_260714_1759,286,1784050933.6762288,6143.086230516434,0.058288123458623886,0.05793130397796631,,,,,,,11411.2512
Wang_2023_clean_260714_1759,287,1784050951.6072745,6161.017276287079,0.058814048767089844,0.05822282284498215,,,,,,,11411.427328
Wang_2023_clean_260714_1759,288,1784050969.8697774,6179.2797791957855,0.05630845949053764,0.055857110768556595,,,,,,,11411.603456
Wang_2023_clean_260714_1759,289,1784050987.8699605,6197.279962301254,0.06112056225538254,0.060461729764938354,,,,,,,11411.779584
Wang_2023_clean_260714_1759,290,1784051031.1061003,6240.516102075577,0.05621566250920296,0.055762819945812225,0.08960335569249259,0.09015352471007242,25.448405041164822,25.657415720621746,0.4870148840877745,0.4872649298773872,11421.208576
Wang_2023_clean_260714_1759,291,1784051049.2334194,6258.643421173096,0.05684415251016617,0.056209053844213486,,,,,,,11421.61408
Wang_2023_clean_260714_1759,292,1784051067.8816814,6277.2916831970215,0.058064550161361694,0.057430338114500046,,,,,,,11422.490624
Wang_2023_clean_260714_1759,293,1784051086.956794,6296.3667957782745,0.05479440838098526,0.054554760456085205,,,,,,,11422.490624
Wang_2023_clean_260714_1759,294,1784051105.4134083,6314.82341003418,0.05949067324399948,0.059060998260974884,,,,,,,11422.490624
Wang_2023_clean_260714_1759,295,1784051123.6902833,6333.100285053253,0.05662871524691582,0.05613188445568085,,,,,,,11422.490624
Wang_2023_clean_260714_1759,296,1784051142.2510903,6351.661092042923,0.056652240455150604,0.05603539198637009,,,,,,,11422.5152
Wang_2023_clean_260714_1759,297,1784051162.0239031,6371.433904886246,0.057040780782699585,0.05662713199853897,,,,,,,11422.691328
Wang_2023_clean_260714_1759,298,1784051180.6233103,6390.033312082291,0.05477476865053177,0.05420032516121864,,,,,,,11422.867456
Wang_2023_clean_260714_1759,299,1784051199.091578,6408.501579761505,0.05674593523144722,0.05625712871551514,,,,,,,11423.043584
Wang_2023_clean_260714_1759,300,1784051243.7303255,6453.140327215195,0.054751694202423096,0.05409415438771248,0.0811319934659534,0.08105454875363244,26.82987430996365,26.384637595282662,0.5343676598866781,0.5352295215262307,11433.918464
Wang_2023_clean_260714_1759,301,1784051262.4150078,6471.825009584427,0.056362252682447433,0.055729810148477554,,,,,,,11432.77568
Wang_2023_clean_260714_1759,302,1784051281.434395,6490.844396829605,0.05496940016746521,0.05479153245687485,,,,,,,11433.65632
Wang_2023_clean_260714_1759,303,1784051299.8334732,6509.243474960327,0.0569484569132328,0.05636626109480858,,,,,,,11433.65632
Wang_2023_clean_260714_1759,304,1784051318.383689,6527.7936906814575,0.05976484343409538,0.05895549803972244,,,,,,,11433.65632
Wang_2023_clean_260714_1759,305,1784051336.7901704,6546.200172185898,0.056658510118722916,0.056100960820913315,,,,,,,11433.65632
Wang_2023_clean_260714_1759,306,1784051355.0522788,6564.462280511856,0.05478457733988762,0.05441078916192055,,,,,,,11433.701376
Wang_2023_clean_260714_1759,307,1784051373.95069,6583.360691785812,0.05837143585085869,0.05769545957446098,,,,,,,11433.877504
Wang_2023_clean_260714_1759,308,1784051392.8010056,6602.211007356644,0.0523320771753788,0.051847003400325775,,,,,,,11434.053632
Wang_2023_clean_260714_1759,309,1784051411.6162581,6621.026259899139,0.05594341829419136,0.05541330948472023,,,,,,,11434.22976
Wang_2023_clean_260714_1759,310,1784051456.651536,6666.061537742615,0.05643075332045555,0.05594414845108986,0.09078743356797431,0.09121708377367921,25.208455708821614,25.953542031182185,0.48163106620311735,0.4815986164410909,11444.740096
Wang_2023_clean_260714_1759,311,1784051475.7838864,6685.193888187408,0.05703933164477348,0.05642025172710419,,,,,,,11443.642368
Wang_2023_clean_260714_1759,312,1784051494.466603,6703.876604795456,0.05767543241381645,0.057078324258327484,,,,,,,11444.543488
Wang_2023_clean_260714_1759,313,1784051513.079174,6722.489175796509,0.05773753300309181,0.056951746344566345,,,,,,,11444.543488
Wang_2023_clean_260714_1759,314,1784051532.0148492,6741.424850940704,0.05732078477740288,0.05654873698949814,,,,,,,11444.543488
Wang_2023_clean_260714_1759,315,1784051550.515013,6759.925014734268,0.06070398911833763,0.060047511011362076,,,,,,,11444.543488
Wang_2023_clean_260714_1759,316,1784051568.462867,6777.872868776321,0.056566014885902405,0.056053657084703445,,,,,,,11444.576256
Wang_2023_clean_260714_1759,317,1784051587.3821018,6796.792103528976,0.05441364273428917,0.05374903231859207,,,,,,,11444.752384
Wang_2023_clean_260714_1759,318,1784051606.186922,6815.596923828125,0.053102657198905945,0.05274525284767151,,,,,,,11444.928512
Wang_2023_clean_260714_1759,319,1784051624.6952536,6834.105255365372,0.05625580623745918,0.05583987385034561,,,,,,,11445.10464
Wang_2023_clean_260714_1759,320,1784051668.0613184,6877.471320152283,0.05740389600396156,0.05675148591399193,0.08403115707967017,0.08414552703499795,26.21705175611708,26.252010413275826,0.5153091904189852,0.5171105020576053,11454.779392
Wang_2023_clean_260714_1759,321,1784051687.2296352,6896.639636993408,0.05552123486995697,0.05506271868944168,,,,,,,11454.7712
Wang_2023_clean_260714_1759,322,1784051706.6982884,6916.108290195465,0.05510774627327919,0.05431303754448891,,,,,,,11455.643648
Wang_2023_clean_260714_1759,323,1784051724.8808503,6934.290852069855,0.05729936063289642,0.05677272751927376,,,,,,,11455.643648
Wang_2023_clean_260714_1759,324,1784051743.4359193,6952.845921039581,0.05746247619390488,0.057062048465013504,,,,,,,11455.643648
Wang_2023_clean_260714_1759,325,1784051761.9371445,6971.347146272659,0.05422971770167351,0.053930994123220444,,,,,,,11455.643648
Wang_2023_clean_260714_1759,326,1784051780.4761093,6989.886111021042,0.057367801666259766,0.05671561509370804,,,,,,,11455.676416
Wang_2023_clean_260714_1759,327,1784051799.0252829,7008.435284614563,0.05484412610530853,0.05416746810078621,,,,,,,11455.852544
Wang_2023_clean_260714_1759,328,1784051816.8202562,7026.230257987976,0.05738796293735504,0.05676236376166344,,,,,,,11456.028672
Wang_2023_clean_260714_1759,329,1784051835.3328152,7044.742816925049,0.05582514405250549,0.0552537776529789,,,,,,,11456.2048
Wang_2023_clean_260714_1759,330,1784051880.195814,7089.605815649033,0.056800831109285355,0.05614086240530014,0.0831312860796849,0.08291315590341886,26.31476559109158,26.317886725531682,0.5197490180201001,0.5245261953936683,11470.245888
Wang_2023_clean_260714_1759,331,1784051898.9485064,7108.358508110046,0.056657008826732635,0.05595678463578224,,,,,,,11469.819904
Wang_2023_clean_260714_1759,332,1784051917.9143534,7127.324355125427,0.05669277161359787,0.05606849119067192,,,,,,,11470.778368
Wang_2023_clean_260714_1759,333,1784051936.8173504,7146.227352142334,0.05531869828701019,0.054768383502960205,,,,,,,11470.872576
Wang_2023_clean_260714_1759,334,1784051954.7917259,7164.201727628708,0.05488323047757149,0.054147351533174515,,,,,,,11470.860288
Wang_2023_clean_260714_1759,335,1784051973.6210732,7183.031075000763,0.057176850736141205,0.056411679834127426,,,,,,,11470.872576
Wang_2023_clean_260714_1759,336,1784051991.6574264,7201.06742811203,0.056821588426828384,0.05619199201464653,,,,,,,11470.876672
Wang_2023_clean_260714_1759,337,1784052010.4822283,7219.8922300338745,0.05444115400314331,0.05388752743601799,,,,,,,11471.040512
Wang_2023_clean_260714_1759,338,1784052028.6216903,7238.031692028046,0.05847618728876114,0.0579211600124836,,,,,,,11471.228928
Wang_2023_clean_260714_1759,339,1784052047.226531,7256.636532783508,0.05500388517975807,0.05452622100710869,,,,,,,11471.405056
Wang_2023_clean_260714_1759,340,1784052089.9679632,7299.37796497345,0.05343259125947952,0.052911922335624695,0.08004458125266764,0.08018863225976626,26.49084747314453,26.897077746921116,0.5387526297569275,0.5390004409021801,11481.341952
Wang_2023_clean_260714_1759,341,1784052108.452112,7317.862113714218,0.05547306686639786,0.05481262877583504,,,,,,,11480.92416
Wang_2023_clean_260714_1759,342,1784052128.2261114,7337.636113166809,0.057269930839538574,0.05660296231508255,,,,,,,11481.849856
Wang_2023_clean_260714_1759,343,1784052146.0139058,7355.423907518387,0.05995354801416397,0.05908162519335747,,,,,,,11481.849856
Wang_2023_clean_260714_1759,344,1784052165.5358737,7374.945875406265,0.05695750564336777,0.0563129186630249,,,,,,,11481.837568
Wang_2023_clean_260714_1759,345,1784052183.2709277,7392.6809294223785,0.05776648968458176,0.05709826946258545,,,,,,,11481.849856
Wang_2023_clean_260714_1759,346,1784052202.5489993,7411.9590010643005,0.05381573364138603,0.053373437374830246,,,,,,,11482.169344
Wang_2023_clean_260714_1759,347,1784052221.4114044,7430.821406126022,0.05642891675233841,0.05608997493982315,,,,,,,11482.333184
Wang_2023_clean_260714_1759,348,1784052239.4892147,7448.899216413498,0.053752873092889786,0.053117841482162476,,,,,,,11482.451968
Wang_2023_clean_260714_1759,349,1784052258.040488,7467.450489759445,0.05622271075844765,0.05575178191065788,,,,,,,11482.640384
Wang_2023_clean_260714_1759,350,1784052300.4670887,7509.877090454102,0.05810803547501564,0.057611215859651566,0.08959076836705208,0.09014652457502154,25.319774288601344,26.038029997083875,0.4862911302513546,0.4870917161968019,11492.626432
Wang_2023_clean_260714_1759,351,1784052318.904806,7528.314807653427,0.056497540324926376,0.05581279844045639,,,,,,,11492.216832
Wang_2023_clean_260714_1759,352,1784052337.495261,7546.905262708664,0.058100033551454544,0.057387422770261765,,,,,,,11493.117952
Wang_2023_clean_260714_1759,353,1784052355.590243,7565.000244855881,0.055567625910043716,0.054989177733659744,,,,,,,11493.105664
Wang_2023_clean_260714_1759,354,1784052374.5959833,7584.005985021591,0.05500144138932228,0.054281529039144516,,,,,,,11493.117952
Wang_2023_clean_260714_1759,355,1784052392.3703043,7601.780306100845,0.056560635566711426,0.05572696775197983,,,,,,,11493.117952
Wang_2023_clean_260714_1759,356,1784052411.1342773,7620.544279098511,0.05256470665335655,0.0521632544696331,,,,,,,11493.122048
Wang_2023_clean_260714_1759,357,1784052429.6403527,7639.050354480743,0.05830301344394684,0.05770355835556984,,,,,,,11493.298176
Wang_2023_clean_260714_1759,358,1784052447.9823303,7657.392332077026,0.058827150613069534,0.05799732357263565,,,,,,,11493.548032
Wang_2023_clean_260714_1759,359,1784052465.9544842,7675.36448597908,0.057739220559597015,0.057014305144548416,,,,,,,11493.72416
Wang_2023_clean_260714_1759,360,1784052508.5278366,7717.937838315964,0.053896330296993256,0.05326034501194954,0.08366618363393677,0.08375489449335469,26.542721388075087,26.017485648261175,0.5185102692577575,0.519602443575859,11506.44224
Wang_2023_clean_260714_1759,361,1784052527.1554163,7736.56541800499,0.05668903887271881,0.05594560131430626,,,,,,,11506.0736
Wang_2023_clean_260714_1759,362,1784052547.3148825,7756.724884271622,0.054235879331827164,0.0536673478782177,,,,,,,11506.95424
Wang_2023_clean_260714_1759,363,1784052566.3736558,7775.783657550812,0.05646107345819473,0.056080810725688934,,,,,,,11506.941952
Wang_2023_clean_260714_1759,364,1784052585.1756313,7794.5856330394745,0.05802092328667641,0.05735426023602486,,,,,,,11506.95424
Wang_2023_clean_260714_1759,365,1784052604.0474327,7813.457434415817,0.0576365664601326,0.05699651688337326,,,,,,,11506.941952
Wang_2023_clean_260714_1759,366,1784052623.4434292,7832.853430986404,0.05629744753241539,0.055771082639694214,,,,,,,11506.982912
Wang_2023_clean_260714_1759,367,1784052641.8505855,7851.260587215424,0.05298185721039772,0.052689746022224426,,,,,,,11507.15904
Wang_2023_clean_260714_1759,368,1784052660.589247,7869.999248743057,0.05608850345015526,0.055614568293094635,,,,,,,11507.335168
Wang_2023_clean_260714_1759,369,1784052679.4039347,7888.813936471939,0.053843505680561066,0.05337110534310341,,,,,,,11507.511296
Wang_2023_clean_260714_1759,370,1784052722.8868618,7932.296863555908,0.05270443111658096,0.052348192781209946,0.087808027971122,0.08817625476254357,25.33535319010417,26.111633105807833,0.4958602996004952,0.4953630725542704,11518.685184
Wang_2023_clean_260714_1759,371,1784052740.9274693,7950.337471008301,0.057631492614746094,0.057014744728803635,,,,,,,11517.620224
Wang_2023_clean_260714_1759,372,1784052759.4142413,7968.824243068695,0.05405690521001816,0.05331319943070412,,,,,,,11518.476288
Wang_2023_clean_260714_1759,373,1784052778.0009167,7987.410918474197,0.05622931197285652,0.0554317869246006,,,,,,,11518.488576
Wang_2023_clean_260714_1759,374,1784052796.566292,8005.976293802261,0.056025486439466476,0.05535655468702316,,,,,,,11518.488576
Wang_2023_clean_260714_1759,375,1784052815.4077246,8024.8177263736725,0.054081860929727554,0.05342453718185425,,,,,,,11518.476288
Wang_2023_clean_260714_1759,376,1784052833.9369152,8043.346916913986,0.06080348789691925,0.06009828671813011,,,,,,,11518.521344
Wang_2023_clean_260714_1759,377,1784052853.0960128,8062.506014585495,0.05496592819690704,0.054351553320884705,,,,,,,11518.754816
Wang_2023_clean_260714_1759,378,1784052871.8083405,8081.21834230423,0.05657695233821869,0.05595466122031212,,,,,,,11518.918656
Wang_2023_clean_260714_1759,379,1784052890.216436,8099.626437664032,0.055337823927402496,0.05475551635026932,,,,,,,11519.094784
Wang_2023_clean_260714_1759,380,1784052932.6562843,8142.066286087036,0.05730878934264183,0.05654757842421532,0.08504520465102461,0.0853402360694276,26.4497595638699,25.911402138604057,0.5139894866281085,0.5115877648856905,11529.834496
Wang_2023_clean_260714_1759,381,1784052951.2990408,8160.709042549133,0.05301244929432869,0.05273782089352608,,,,,,,11528.732672
Wang_2023_clean_260714_1759,382,1784052970.7029214,8180.112923145294,0.05583241209387779,0.05523614212870598,,,,,,,11529.592832
Wang_2023_clean_260714_1759,383,1784052990.50606,8199.916061639786,0.057515352964401245,0.056919440627098083,,,,,,,11529.60512
Wang_2023_clean_260714_1759,384,1784053009.517712,8218.927713871002,0.05757243558764458,0.05681706592440605,,,,,,,11529.60512
Wang_2023_clean_260714_1759,385,1784053028.0133538,8237.423355579376,0.05432524532079697,0.053562458604574203,,,,,,,11529.592832
Wang_2023_clean_260714_1759,386,1784053046.7572534,8256.167255163193,0.05388501659035683,0.05353037640452385,,,,,,,11529.633792
Wang_2023_clean_260714_1759,387,1784053065.102051,8274.51205277443,0.0575750432908535,0.056886862963438034,,,,,,,11529.80992
Wang_2023_clean_260714_1759,388,1784053083.4695976,8292.87959933281,0.058653607964515686,0.05793553218245506,,,,,,,11529.887744
Wang_2023_clean_260714_1759,389,1784053101.3718543,8310.781856060028,0.055691491812467575,0.05511746555566788,,,,,,,11530.07616
Wang_2023_clean_260714_1759,390,1784053142.861851,8352.271852731705,0.056700240820646286,0.05595257505774498,0.08485431540343497,0.08496502032710446,26.119670766194663,26.221958999633788,0.5092406714624829,0.5143296605348587,11540.058112
Wang_2023_clean_260714_1759,391,1784053160.2602942,8369.67029595375,0.056785665452480316,0.05603637546300888,,,,,,,11539.697664
Wang_2023_clean_260714_1759,392,1784053178.9570975,8388.367099285126,0.05555398389697075,0.05488715320825577,,,,,,,11540.545536
Wang_2023_clean_260714_1759,393,1784053197.0523794,8406.462381124496,0.05484061688184738,0.05416238680481911,,,,,,,11540.545536
Wang_2023_clean_260714_1759,394,1784053215.4291556,8424.83915734291,0.053608257323503494,0.053088266402482986,,,,,,,11540.545536
Wang_2023_clean_260714_1759,395,1784053233.175116,8442.585117816925,0.05727832764387131,0.05658956989645958,,,,,,,11540.545536
Wang_2023_clean_260714_1759,396,1784053251.1715167,8460.581518411636,0.05482806637883186,0.054108284413814545,,,,,,,11540.697088
Wang_2023_clean_260714_1759,397,1784053269.6495066,8479.05950832367,0.05531866103410721,0.054796427488327026,,,,,,,11540.873216
Wang_2023_clean_260714_1759,398,1784053288.0116928,8497.421694517136,0.057322908192873,0.05669335648417473,,,,,,,11541.049344
Wang_2023_clean_260714_1759,399,1784053306.7105,8516.120501756668,0.056209202855825424,0.05540228635072708,,,,,,,11541.225472
Wang_2023_clean_260714_1759,400,1784053350.657791,8560.067792654037,0.05634826049208641,0.05585277080535889,0.08631788486407863,0.08654853550096353,25.430092764960396,26.378161290486652,0.504976699617174,0.5048819822735257,11556.114432
Wang_2023_clean_260714_1759,401,1784053369.148389,8578.55839085579,0.05453505739569664,0.05409512668848038,,,,,,,11556.421632
Wang_2023_clean_260714_1759,402,1784053387.913238,8597.323239803314,0.053011491894721985,0.052520502358675,,,,,,,11557.302272
Wang_2023_clean_260714_1759,403,1784053406.2257202,8615.63572192192,0.058987412601709366,0.058322157710790634,,,,,,,11557.302272
Wang_2023_clean_260714_1759,404,1784053424.1752815,8633.585283279419,0.05821133777499199,0.057488810271024704,,,,,,,11557.302272
Wang_2023_clean_260714_1759,405,1784053442.9622848,8652.372286558151,0.05620916932821274,0.055429279804229736,,,,,,,11557.392384
Wang_2023_clean_260714_1759,406,1784053462.603769,8672.01377081871,0.05409868806600571,0.05354663357138634,,,,,,,11557.400576
Wang_2023_clean_260714_1759,407,1784053481.306181,8690.71618270874,0.053224582225084305,0.052824899554252625,,,,,,,11557.576704
Wang_2023_clean_260714_1759,408,1784053499.7112646,8709.121266365051,0.061708565801382065,0.06091612949967384,,,,,,,11557.797888
Wang_2023_clean_260714_1759,409,1784053516.9072537,8726.317255496979,0.05746471509337425,0.05672009661793709,,,,,,,11557.974016
Wang_2023_clean_260714_1759,410,1784053559.6449533,8769.054955005646,0.057154297828674316,0.056509774178266525,0.08601093194550938,0.08611136914127403,26.181681789822047,25.819879701402453,0.5012490083111657,0.503759482105573,11567.419392
Wang_2023_clean_260714_1759,411,1784053577.5091543,8786.919156074524,0.05556337907910347,0.054787471890449524,,,,,,,11567.34976
Wang_2023_clean_260714_1759,412,1784053597.0335898,8806.443591594696,0.05263962596654892,0.05229589715600014,,,,,,,11568.254976
Wang_2023_clean_260714_1759,413,1784053614.663063,8824.073064804077,0.05582328885793686,0.05514279007911682,,,,,,,11568.254976
Wang_2023_clean_260714_1759,414,1784053633.2156117,8842.625613451004,0.056153226643800735,0.05556565523147583,,,,,,,11568.254976
Wang_2023_clean_260714_1759,415,1784053651.592351,8861.002352714539,0.05438859388232231,0.053677063435316086,,,,,,,11568.254976
Wang_2023_clean_260714_1759,416,1784053669.8613293,8879.271331071854,0.05507809296250343,0.05448916181921959,,,,,,,11568.267264
Wang_2023_clean_260714_1759,417,1784053687.701408,8897.111409664154,0.05934785678982735,0.05861958861351013,,,,,,,11568.443392
Wang_2023_clean_260714_1759,418,1784053705.7158332,8915.125834941864,0.056663792580366135,0.05593479797244072,,,,,,,11568.61952
Wang_2023_clean_260714_1759,419,1784053724.145192,8933.555193662643,0.058051496744155884,0.05720081180334091,,,,,,,11568.795648
Wang_2023_clean_260714_1759,420,1784053767.5748851,8976.98488688469,0.05766037479043007,0.05687514692544937,0.08969583347439766,0.08987790333727995,25.403309665256078,25.494495951334635,0.4807445196310679,0.48055812113814883,11581.763584
Wang_2023_clean_260714_1759,421,1784053786.0595145,8995.469516277313,0.056381531059741974,0.055603090673685074,,,,,,,11582.070784
Wang_2023_clean_260714_1759,422,1784053804.4332697,9013.843271493912,0.057033393532037735,0.0560409277677536,,,,,,,11582.943232
Wang_2023_clean_260714_1759,423,1784053823.5923424,9033.00234413147,0.054414499551057816,0.054001014679670334,,,,,,,11583.13984
Wang_2023_clean_260714_1759,424,1784053842.1833217,9051.593323469162,0.05212341621518135,0.051793500781059265,,,,,,,11583.13984
Wang_2023_clean_260714_1759,425,1784053860.858564,9070.268565654755,0.05641280487179756,0.055844295769929886,,,,,,,11583.13984
Wang_2023_clean_260714_1759,426,1784053879.349198,9088.759199857712,0.05435383319854736,0.053841374814510345,,,,,,,11583.205376
Wang_2023_clean_260714_1759,427,1784053898.3810718,9107.791073560715,0.05446654185652733,0.054041486233472824,,,,,,,11583.381504
Wang_2023_clean_260714_1759,428,1784053916.5771928,9125.987194538116,0.060223352164030075,0.059441450983285904,,,,,,,11583.557632
Wang_2023_clean_260714_1759,429,1784053934.685347,9144.095348834991,0.05383072420954704,0.05311376228928566,,,,,,,11583.73376
Wang_2023_clean_260714_1759,430,1784053976.6857626,9186.095764398575,0.052607499063014984,0.05192401632666588,0.08827021861241924,0.08871358876427014,25.90618859185113,25.792849739922417,0.49020436048507693,0.4925329166650772,11593.19552
Wang_2023_clean_260714_1759,431,1784053994.597927,9204.007928848267,0.05722416564822197,0.05644157528877258,,,,,,,11590.500352
Wang_2023_clean_260714_1759,432,1784054013.1794286,9222.589430332184,0.05946115031838417,0.05861053988337517,,,,,,,11591.397376
Wang_2023_clean_260714_1759,433,1784054031.9066005,9241.316602230072,0.05264030396938324,0.05211860314011574,,,,,,,11591.397376
Wang_2023_clean_260714_1759,434,1784054050.7926896,9260.202691316605,0.05502987653017044,0.05429782345890999,,,,,,,11591.397376
Wang_2023_clean_260714_1759,435,1784054069.5623703,9278.972372055054,0.0566176176071167,0.056102849543094635,,,,,,,11591.397376
Wang_2023_clean_260714_1759,436,1784054087.524575,9296.934576749802,0.05812361463904381,0.05727660655975342,,,,,,,11591.421952
Wang_2023_clean_260714_1759,437,1784054105.6573637,9315.067365407944,0.05567365139722824,0.054933540523052216,,,,,,,11591.59808
Wang_2023_clean_260714_1759,438,1784054124.6675165,9334.077518224716,0.054964397102594376,0.054589368402957916,,,,,,,11591.76192
Wang_2023_clean_260714_1759,439,1784054143.0093443,9352.419346094131,0.055583272129297256,0.05500428006052971,,,,,,,11591.950336
Wang_2023_clean_260714_1759,440,1784054185.2687998,9394.67880153656,0.05735619366168976,0.05665309354662895,0.0861375573111905,0.086516982888182,26.013807033962674,26.041183454725477,0.5076211651828554,0.5071971129046546,11605.590016
Wang_2023_clean_260714_1759,441,1784054204.6284833,9414.038485050201,0.057061050087213516,0.05634576827287674,,,,,,,11605.897216
Wang_2023_clean_260714_1759,442,1784054222.5347838,9431.94478559494,0.057008471339941025,0.056213729083538055,,,,,,,11606.872064
Wang_2023_clean_260714_1759,443,1784054241.3052607,9450.715262413025,0.05614181607961655,0.05528160557150841,,,,,,,11606.872064
Wang_2023_clean_260714_1759,444,1784054259.9273622,9469.337363958359,0.056313738226890564,0.055893078446388245,,,,,,,11606.872064
Wang_2023_clean_260714_1759,445,1784054277.0052235,9486.41522526741,0.05608389526605606,0.05529351532459259,,,,,,,11606.872064
Wang_2023_clean_260714_1759,446,1784054295.3567476,9504.766749382019,0.05798875913023949,0.05735171586275101,,,,,,,11606.87616
Wang_2023_clean_260714_1759,447,1784054313.4206407,9522.830642461777,0.05700427293777466,0.056161098182201385,,,,,,,11607.048192
Wang_2023_clean_260714_1759,448,1784054332.1744115,9541.584413290024,0.05586292967200279,0.055401477962732315,,,,,,,11607.22432
Wang_2023_clean_260714_1759,449,1784054350.3263795,9559.736381292343,0.05078015476465225,0.05017959326505661,,,,,,,11607.400448
Wang_2023_clean_260714_1759,450,1784054391.9419746,9601.351976394653,0.05821933224797249,0.05759339779615402,0.08463337274889152,0.08487199298209615,25.81634063720703,26.48604854159885,0.5140971350669861,0.5115186051527659,11616.845824
Wang_2023_clean_260714_1759,451,1784054410.3535895,9619.76359128952,0.05412735790014267,0.053385745733976364,,,,,,,11617.439744
Wang_2023_clean_260714_1759,452,1784054428.664331,9638.07433271408,0.05525194853544235,0.054538872092962265,,,,,,,11618.34496
Wang_2023_clean_260714_1759,453,1784054447.071437,9656.48143863678,0.05886254087090492,0.05804354324936867,,,,,,,11618.34496
Wang_2023_clean_260714_1759,454,1784054466.1578362,9675.567837953568,0.04937964305281639,0.049012456089258194,,,,,,,11618.541568
Wang_2023_clean_260714_1759,455,1784054484.9596407,9694.369642496109,0.05285428464412689,0.0525415800511837,,,,,,,11618.553856
Wang_2023_clean_260714_1759,456,1784054503.5227256,9712.932727336884,0.057593319565057755,0.05681489408016205,,,,,,,11618.566144
Wang_2023_clean_260714_1759,457,1784054521.2663865,9730.676388263702,0.056056778877973557,0.05520656704902649,,,,,,,11618.742272
Wang_2023_clean_260714_1759,458,1784054539.6376846,9749.047686338425,0.055756136775016785,0.055169593542814255,,,,,,,11618.930688
Wang_2023_clean_260714_1759,459,1784054558.1798146,9767.589816331863,0.054708752781152725,0.0538904070854187,,,,,,,11619.106816
Wang_2023_clean_260714_1759,460,1784054600.6635072,9810.07350897789,0.053098440170288086,0.05235881358385086,0.08419751282367441,0.08428756126927005,26.393530900743272,26.181024068196614,0.5105015173885558,0.5101178228855133,11628.556288
Wang_2023_clean_260714_1759,461,1784054618.6961656,9828.106167316437,0.05607298016548157,0.05531750246882439,,,,,,,11628.68736
Wang_2023_clean_260714_1759,462,1784054637.322235,9846.732236862183,0.05775601044297218,0.05710113048553467,,,,,,,11629.69088
Wang_2023_clean_260714_1759,463,1784054656.1007216,9865.510723352432,0.05224324017763138,0.05167277157306671,,,,,,,11629.69088
Wang_2023_clean_260714_1759,464,1784054673.9209435,9883.330945253372,0.05631420016288757,0.05546945706009865,,,,,,,11629.678592
Wang_2023_clean_260714_1759,465,1784054692.6623328,9902.07233452797,0.05833926424384117,0.057520173490047455,,,,,,,11629.69088
Wang_2023_clean_260714_1759,466,1784054710.9342632,9920.34426498413,0.05473458766937256,0.05400703474879265,,,,,,,11629.71136
Wang_2023_clean_260714_1759,467,1784054729.7815492,9939.191550970078,0.05543537810444832,0.05464009568095207,,,,,,,11629.8752
Wang_2023_clean_260714_1759,468,1784054748.232473,9957.642474651337,0.05622584745287895,0.055419355630874634,,,,,,,11630.063616
Wang_2023_clean_260714_1759,469,1784054767.331334,9976.741335868835,0.05367644131183624,0.05299298092722893,,,,,,,11630.239744
Wang_2023_clean_260714_1759,470,1784054809.795729,10019.205730676651,0.05420175567269325,0.05344890430569649,0.08981404467589325,0.08977866844998465,25.613736733330622,25.566623662312825,0.48645702825652226,0.4874860362211863,11639.68512
Wang_2023_clean_260714_1759,471,1784054828.4621553,10037.872157096863,0.05621013045310974,0.05552555248141289,,,,,,,11639.885824
Wang_2023_clean_260714_1759,472,1784054847.5143318,10056.924333572388,0.055484555661678314,0.054795391857624054,,,,,,,11640.786944
Wang_2023_clean_260714_1759,473,1784054866.0092988,10075.419300556183,0.05420806258916855,0.05343501269817352,,,,,,,11640.786944
Wang_2023_clean_260714_1759,474,1784054884.6081614,10094.018163204193,0.05387643352150917,0.053371068090200424,,,,,,,11640.774656
Wang_2023_clean_260714_1759,475,1784054903.2769003,10112.686902046204,0.05310215801000595,0.05262569710612297,,,,,,,11640.786944
Wang_2023_clean_260714_1759,476,1784054921.4215605,10130.831562280655,0.05644112825393677,0.05574874207377434,,,,,,,11640.803328
Wang_2023_clean_260714_1759,477,1784054939.7832558,10149.193257570267,0.05412673205137253,0.053352564573287964,,,,,,,11640.967168
Wang_2023_clean_260714_1759,478,1784054958.3961945,10167.806196212769,0.05678819492459297,0.05609603971242905,,,,,,,11641.155584
Wang_2023_clean_260714_1759,479,1784054977.6774254,10187.087427139282,0.057224955409765244,0.05642975494265556,,,,,,,11641.319424
Wang_2023_clean_260714_1759,480,1784055018.8938298,10228.303831577301,0.05604355409741402,0.055177200585603714,0.0917056609938542,0.09209955164955722,25.691146850585938,25.151262232462564,0.47615405797958377,0.47675737943914204,11650.777088
Wang_2023_clean_260714_1759,481,1784055037.975358,10247.3853597641,0.05490509793162346,0.054318610578775406,,,,,,,11650.70336
Wang_2023_clean_260714_1759,482,1784055056.8822973,10266.292299032211,0.056418634951114655,0.05566301941871643,,,,,,,11651.60448
Wang_2023_clean_260714_1759,483,1784055075.3321023,10284.742104053497,0.05529341474175453,0.054641950875520706,,,,,,,11651.592192
Wang_2023_clean_260714_1759,484,1784055093.5739057,10302.983907461166,0.057341620326042175,0.05669671297073364,,,,,,,11651.60448
Wang_2023_clean_260714_1759,485,1784055111.2433891,10320.6533908844,0.05389554426074028,0.05310064181685448,,,,,,,11651.60448
Wang_2023_clean_260714_1759,486,1784055130.0978403,10339.507842063904,0.05726328492164612,0.05660974606871605,,,,,,,11651.596288
Wang_2023_clean_260714_1759,487,1784055148.5572205,10357.967222213745,0.05436037853360176,0.0535583421587944,,,,,,,11651.776512
Wang_2023_clean_260714_1759,488,1784055166.9843535,10376.394355297089,0.0546053946018219,0.05387305095791817,,,,,,,11651.956736
Wang_2023_clean_260714_1759,489,1784055185.362109,10394.772110700607,0.058432821184396744,0.057586248964071274,,,,,,,11652.120576
Wang_2023_clean_260714_1759,490,1784055228.1844058,10437.594407558441,0.05318126454949379,0.05252544954419136,0.08844194655617078,0.0885482671029038,25.491495039198135,25.97151123046875,0.4940979418489668,0.49681389126512737,11661.668352
Wang_2023_clean_260714_1759,491,1784055247.3658445,10456.775846242905,0.054967042058706284,0.05414315685629845,,,,,,,11661.98784
Wang_2023_clean_260714_1759,492,1784055265.9249024,10475.334904193878,0.05390546843409538,0.053208813071250916,,,,,,,11662.884864
Wang_2023_clean_260714_1759,493,1784055284.2630234,10493.673025131226,0.05563702806830406,0.0550154484808445,,,,,,,11662.872576
Wang_2023_clean_260714_1759,494,1784055303.0251749,10512.435176610947,0.05604378879070282,0.055506400763988495,,,,,,,11662.884864
Wang_2023_clean_260714_1759,495,1784055321.8166904,10531.226692199707,0.05566981062293053,0.0551491305232048,,,,,,,11662.884864
Wang_2023_clean_260714_1759,496,1784055340.3573346,10549.76733636856,0.05695408955216408,0.05624972656369209,,,,,,,11662.893056
Wang_2023_clean_260714_1759,497,1784055358.7099335,10568.119935274124,0.05747867003083229,0.05682699754834175,,,,,,,11663.081472
Wang_2023_clean_260714_1759,498,1784055376.8513253,10586.261327028275,0.05697053298354149,0.05622388795018196,,,,,,,11663.2576
Wang_2023_clean_260714_1759,499,1784055396.3968945,10605.806896209717,0.05285324156284332,0.052360523492097855,,,,,,,11663.42144
Wang_2023_clean_260714_1759,500,1784055438.536209,10647.946210861206,0.056251030415296555,0.055385686457157135,0.08891090343395869,0.08921381592750549,25.94660625881619,25.354214129977755,0.4929086504379908,0.49384965578715007,11672.870912
