run_id,epoch,timestamp,elapsed_total_sec,train_loss_xy,train_loss_z,val_loss_xy,val_loss_z,psnr_xy,psnr_final,ssim_xy,ssim_final,ram_mb
Wang_2023_260805_1120,0,1785921851.2322493,203.4467635154724,0.12599293887615204,0.07258927077054977,0.20296973433759477,0.18967798060841032,17.312645852830673,17.940455763075086,0.32597750140561,0.37371713174713983,34183.901184
Wang_2023_260805_1120,1,1785922027.4035478,379.61806201934814,0.06262486428022385,0.0630115196108818,0.23375325593683455,0.2020825171470642,16.554946331448026,17.684726469251846,0.31396407908863494,0.371043010685179,40395.296768
Wang_2023_260805_1120,2,1785922199.886947,552.1014611721039,0.0645594596862793,0.06482304632663727,0.20317557639545863,0.20359964410463968,17.470785954793293,17.567833811442057,0.3334961842166053,0.365043676826689,40246.079488
Wang_2023_260805_1120,3,1785922375.8479176,728.0624318122864,0.06315132230520248,0.06355617195367813,0.20977238688204022,0.21067093286249372,17.324329855177137,17.353766644795737,0.3552099472946591,0.3680517686737908,40579.465216
Wang_2023_260805_1120,4,1785922554.8584125,907.0729267597198,0.06440518796443939,0.06390849500894547,0.18431000067128075,0.18602736671765646,17.992092530992295,17.953706029256185,0.3885316271252102,0.3917545771598816,40856.666112
Wang_2023_260805_1120,5,1785922727.4349692,1079.6494834423065,0.0652778148651123,0.06531732529401779,0.24370575487613677,0.23788968099488153,16.159978858100043,16.25933706919352,0.2916716621319453,0.2992057211531533,40622.73536
Wang_2023_260805_1120,6,1785922901.3718715,1253.5863857269287,0.06200342997908592,0.06229601055383682,0.3753270865811242,0.3827494106027815,13.056003964742025,13.077126892937555,0.058612855192687774,0.044433387643657625,40920.231936
Wang_2023_260805_1120,7,1785923077.7420108,1429.9565250873566,0.06323365122079849,0.06340242177248001,0.18130704455905491,0.17836980283260345,18.306962966918945,18.289805467393663,0.397266077597936,0.3898075258731842,46435.528704
Wang_2023_260805_1120,8,1785923257.0909817,1609.3054959774017,0.06195226311683655,0.06200723722577095,0.2731647612651189,0.2658676942851808,15.101077647738986,15.263608894348145,0.23886023660500844,0.25041681408882144,49017.847808
Wang_2023_260805_1120,9,1785923448.6960416,1800.9105558395386,0.06247192621231079,0.06272226572036743,0.18766150659985012,0.1880830517742369,17.814630889892577,17.81762770758735,0.4178194901678297,0.38968732052379185,49307.19744
Wang_2023_260805_1120,10,1785923629.639353,1981.8538672924042,0.06019402667880058,0.060433436185121536,0.27635064409838783,0.27139194071292877,14.7588660091824,15.091735284593371,0.26456121100319757,0.25566978673140206,49574.879232
Wang_2023_260805_1120,11,1785923803.0563986,2155.270912885666,0.0601215586066246,0.06053784862160683,0.1903953390651279,0.18703485939237807,17.523066660563153,17.688368509080675,0.3874027421739366,0.378602854013443,49730.17088
Wang_2023_260805_1120,12,1785923982.7711017,2334.985615968704,0.062240395694971085,0.06253232061862946,0.2807642682393392,0.27495993256568907,14.592056032816568,14.881286443074544,0.2583648971054289,0.2395008745458391,49551.183872
Wang_2023_260805_1120,13,1785924162.1291223,2514.3436365127563,0.06542640179395676,0.06565815210342407,0.3682832780149248,0.35684081845813326,12.963748219807943,13.330031725565592,0.06613148628837533,0.0762423350289464,49649.922048
Wang_2023_260805_1120,14,1785924340.9204733,2693.134987592697,0.06250957399606705,0.06280076503753662,0.21111182841989728,0.20726660192012786,17.121743469238282,17.145046598646378,0.38341887831687926,0.3551763251092699,49751.097344
Wang_2023_260805_1120,15,1785924517.0465398,2869.2610540390015,0.06057664379477501,0.06064452975988388,0.24694960945182376,0.2489723402261734,15.856645219590929,15.840598199632433,0.3120199051830504,0.28298282066980995,49794.224128
Wang_2023_260805_1120,16,1785924692.668967,3044.8834812641144,0.06232330575585365,0.06236346811056137,0.2718252403868569,0.2571097993850708,14.982853673299154,15.354472126430935,0.24490544411871168,0.2399142626259062,50084.909056
Wang_2023_260805_1120,17,1785924856.3555436,3208.5700578689575,0.06159093976020813,0.061690788716077805,0.3403788827525245,0.3224038890335295,13.385117450290256,13.868422461615669,0.13147825590438314,0.12722677777210872,50269.536256
Wang_2023_260805_1120,18,1785925018.8594987,3371.0740129947662,0.05998244881629944,0.05990276858210564,0.27540029101901586,0.26258946074379813,14.852042838202582,15.185221566094292,0.23241067879729801,0.22322119577063454,49951.90784
Wang_2023_260805_1120,19,1785925200.0738862,3552.288400411606,0.060279786586761475,0.0603766106069088,0.30391007012791105,0.2917329467667474,14.111627451578777,14.465709482828776,0.17071500639120737,0.15989370342757966,50215.56736
Wang_2023_260805_1120,20,1785925362.7497659,3714.964280128479,0.06205153092741966,0.06203383952379227,0.32328524768352507,0.3111767288049062,13.775110109117296,14.173533274332682,0.166869578493966,0.16314080162180794,50485.235712
Wang_2023_260805_1120,21,1785925540.324867,3892.5393812656403,0.05982459709048271,0.0601067990064621,0.25742457568645477,0.2469223917192883,15.005349489847818,15.336790381537543,0.24696014185746512,0.24484648485978444,57026.834432
Wang_2023_260805_1120,22,1785925713.6403499,4065.8548641204834,0.05897848308086395,0.059142597019672394,0.3386974533398946,0.33525269892480636,13.525474260118273,13.666330731709799,0.11589244299464756,0.11006072718236182,57327.353856
Wang_2023_260805_1120,23,1785925888.0494757,4240.2639899253845,0.05820256471633911,0.058229345828294754,0.24227916333410476,0.23224743021859062,15.841014828152126,16.11623898824056,0.2623354176680247,0.27045991202195485,57528.172544
Wang_2023_260805_1120,24,1785926050.9637427,4403.178256988525,0.05789937078952789,0.05790742114186287,0.23561712503433227,0.22830433746178944,16.01141156938341,16.163648359510635,0.25929672956466676,0.2639321037795809,57407.42656
Wang_2023_260805_1120,25,1785926218.2387574,4570.453271627426,0.057986143976449966,0.05818535014986992,0.26013510366280873,0.25257026606135896,15.02575129614936,15.292297282748752,0.22539265308115217,0.23122952342033387,57513.39008
Wang_2023_260805_1120,26,1785926399.6147854,4751.829299688339,0.05803690105676651,0.05799548700451851,0.262311561372545,0.254771323800087,15.269585194057889,15.355739784240722,0.2403536890943845,0.23534123592906528,57578.78272
Wang_2023_260805_1120,27,1785926558.6354065,4910.849920749664,0.0577266626060009,0.05768715217709541,0.30949282858106825,0.3039451895157496,14.20616472032335,14.21914905971951,0.1533337049351798,0.1590011253621843,57405.472768
Wang_2023_260805_1120,28,1785926723.4806795,5075.695193767548,0.05299993231892586,0.053092312067747116,0.3278128076924218,0.32691908571455214,13.636691551208497,13.76130372789171,0.11848288615544637,0.12397982603973813,57743.785984
Wang_2023_260805_1120,29,1785926890.6275659,5242.842080116272,0.06035127863287926,0.06034855917096138,0.2591944748825497,0.24773729178640577,15.332923880683051,15.58085016462538,0.2348672139313486,0.24471996979580984,57589.067776
Wang_2023_260805_1120,30,1785927055.5199866,5407.73450088501,0.05591773986816406,0.05596696585416794,0.3041849626435174,0.3044266210661994,14.134548259311252,14.226935119628907,0.16192817290623981,0.15906040312515365,57749.815296
Wang_2023_260805_1120,31,1785927220.1484108,5572.362925052643,0.0548010915517807,0.05489744246006012,0.3266571123070187,0.330634472767512,13.668462583753797,13.756758728027343,0.1366368540128072,0.13170067694452073,57750.892544
Wang_2023_260805_1120,32,1785927382.393962,5734.608476161957,0.054076340049505234,0.05415870621800423,0.33659638166427613,0.3289866557386186,13.487992184956868,13.749938621520997,0.10562716142998801,0.1134596129755179,57775.824896
Wang_2023_260805_1120,33,1785927556.0116541,5908.226168394089,0.05437716841697693,0.054398227483034134,0.27928400543000964,0.2723126319381926,14.675147412618001,14.792497185601128,0.21069525334570144,0.20566628812087906,57873.231872
Wang_2023_260805_1120,34,1785927727.9968984,6080.211412668228,0.05493180453777313,0.05484749749302864,0.3641800565852059,0.3516910907957289,12.852340011596679,13.00726011912028,0.08153821989273032,0.1137828686603138,58042.433536
Wang_2023_260805_1120,35,1785927888.8157766,6241.030290842056,0.05891914665699005,0.05880116671323776,0.4355968202484979,0.41386520902315777,11.425226270887586,11.924358545939128,0.0011055920906558943,0.02495792182370173,57975.885824
Wang_2023_260805_1120,36,1785928056.4019465,6408.616460800171,0.05728708207607269,0.057095300406217575,0.2558752460612191,0.24729258610142602,15.746494772169324,15.774568498399523,0.26052523848083287,0.2498774031135771,57934.229504
Wang_2023_260805_1120,37,1785928233.0213702,6585.235884428024,0.05391745641827583,0.05395303666591644,0.2878091996908188,0.28319619814554853,14.589545834859212,14.683601150512695,0.1850426361627049,0.18593931274281608,58387.726336
Wang_2023_260805_1120,38,1785928400.8481128,6753.062627077103,0.06177237629890442,0.06170649453997612,0.3599305216471354,0.34588384721014237,12.91291966756185,13.224822277492947,0.07656150832772254,0.09874910685751173,58198.437888
Wang_2023_260805_1120,39,1785928574.0988815,6926.313395738602,0.05699886009097099,0.05682915821671486,0.3329415512084961,0.3191659398873647,13.453982251485188,13.807547509935167,0.10320047613647249,0.12898342995180023,58448.9984
Wang_2023_260805_1120,40,1785928738.694595,7090.909109354019,0.056531134992837906,0.05637943744659424,0.284447517991066,0.2734726313749949,14.710244674682617,14.975842920939128,0.167036862274011,0.18691337837113275,58387.406848
Wang_2023_260805_1120,41,1785928900.3329537,7252.547467947006,0.05410901829600334,0.053931985050439835,0.27206596122847665,0.27224036845895977,15.209123238457574,15.142443038092718,0.2062143619855245,0.20899753991100523,58284.511232
Wang_2023_260805_1120,42,1785929075.2014544,7427.41596865654,0.05767867714166641,0.057499609887599945,0.3256693203581704,0.3198374704519908,13.59434949239095,13.716423021952311,0.12802745160129336,0.1358896261619197,58497.245184
Wang_2023_260805_1120,43,1785929236.3910813,7588.605595588684,0.054591353982686996,0.05442963168025017,0.26545395844512515,0.2606179359224107,15.319354337056478,15.421639005872938,0.2418121080266105,0.2338299082385169,58531.934208
Wang_2023_260805_1120,44,1785929409.298826,7761.5133402347565,0.0559060238301754,0.0556928850710392,0.3033875377310647,0.2952318545182546,14.25330455356174,14.383273934258355,0.14708945337269042,0.15341695275571612,58687.2832
Wang_2023_260805_1120,45,1785929571.0396261,7923.254140377045,0.056499335914850235,0.056289512664079666,0.3006701311137941,0.29379658573203615,14.487345059712728,14.647393497890896,0.1836606036954456,0.17309724897146225,58740.629504
Wang_2023_260805_1120,46,1785929729.9933581,8082.207872390747,0.05617954954504967,0.05599062144756317,0.2781769953833686,0.27197898858123354,15.158993110656738,15.220766042073567,0.20502117968267863,0.19690856734911602,58713.038848
Wang_2023_260805_1120,47,1785929893.5648243,8245.779338598251,0.05308505892753601,0.05304573103785515,0.28169637547598947,0.2745542340146171,14.683850958082411,14.889957847595214,0.168989170855946,0.16393475353717804,58708.881408
Wang_2023_260805_1120,48,1785930056.6644497,8408.878963947296,0.051525358110666275,0.05145334452390671,0.26510932644208274,0.25817986329396564,15.21148988087972,15.42720583597819,0.1905851384003957,0.19010363085402382,58719.55968
Wang_2023_260805_1120,49,1785930234.136638,8586.351152181625,0.05380277335643768,0.053729988634586334,0.2829272570212682,0.2775517992840873,14.749205771552193,14.911749297247992,0.1777729708949725,0.17007310854064095,58896.863232
Wang_2023_260805_1120,50,1785930409.463365,8761.677879333496,0.05862251669168472,0.058494191616773605,0.2825574659638935,0.27444436550140383,14.86321346282959,15.037216851976183,0.1746330835090743,0.17853904969162412,58976.464896
Wang_2023_260805_1120,51,1785930569.172774,8921.387288331985,0.05530082434415817,0.05497859790921211,0.279645579457283,0.27221034705638886,14.959430893792046,15.119102804395888,0.18346712274683846,0.18433306879467434,59077.820416
Wang_2023_260805_1120,52,1785930730.3901203,9082.604634523392,0.054740868508815765,0.05452945828437805,0.287636306087176,0.2824259046713511,14.719858216179741,14.812220111423068,0.17230658137136035,0.17638685524463654,58996.105216
Wang_2023_260805_1120,53,1785930891.7112823,9243.925796508789,0.058863937854766846,0.05883124843239784,0.2649247366189957,0.25732362038559387,15.433629014756944,15.545174458821615,0.2505907184547848,0.23694571475187937,58996.568064
Wang_2023_260805_1120,54,1785931052.5950208,9404.80953502655,0.0546540692448616,0.05439794436097145,0.281313803129726,0.27359540806876287,14.787283609178331,14.970377756754557,0.19351036800278557,0.18332832945717706,59016.31488
Wang_2023_260805_1120,55,1785931215.5014725,9567.715986728668,0.05221383273601532,0.052137527614831924,0.28856271929211086,0.2813639058007134,14.574943372938368,14.795512398613823,0.18911099016666413,0.18186730961004893,59041.009664
Wang_2023_260805_1120,56,1785931377.1858976,9729.400411844254,0.05681944265961647,0.05683501437306404,0.24942882849110498,0.24707152333524493,15.911300014919705,15.880003140767416,0.2755806552039252,0.26111500733428533,59026.317312
Wang_2023_260805_1120,57,1785931539.7486231,9891.96313738823,0.05278382450342178,0.052653152495622635,0.2793849304649565,0.2784693655040529,14.888750644259982,14.923273289998372,0.22531343347496458,0.2031364596552319,59076.898816
Wang_2023_260805_1120,58,1785931697.3617222,10049.576236486435,0.05898525193333626,0.05872724577784538,0.3013842741648356,0.2925664187802209,14.384760593838163,14.578890957302518,0.16430963844060897,0.16252865413824716,59147.255808
Wang_2023_260805_1120,59,1785931882.8818657,10235.096379995346,0.052504122257232666,0.052257027477025986,0.2793849233786265,0.2772081895669301,15.038619473775228,15.07894527859158,0.20952950328588485,0.19686336096790102,59181.64992
Wang_2023_260805_1120,60,1785932048.403825,10400.618339300156,0.05378264561295509,0.05348934605717659,0.2762756249639723,0.26883160644107396,15.042255325317383,15.198432693481445,0.1990007138914532,0.19050170544121,59107.704832
Wang_2023_260805_1120,61,1785932206.7869568,10559.001471042633,0.05477999895811081,0.05446401983499527,0.2990984970993466,0.28536365972624883,14.351663072374132,14.691861131456163,0.17274685753716362,0.1724210465947787,58950.508544
Wang_2023_260805_1120,62,1785932373.8008807,10726.015394926071,0.052091363817453384,0.05188604071736336,0.2775720821486579,0.2689375423722797,14.90202540927463,15.132704993353949,0.19347030977408092,0.19352715025345485,59114.274816
Wang_2023_260805_1120,63,1785932538.7174766,10890.931990861893,0.05082182213664055,0.050669968128204346,0.2749933774603738,0.2691991245746613,14.909055574205187,15.077377022637261,0.20373099784056345,0.19183493398957782,59130.605568
Wang_2023_260805_1120,64,1785932700.4321134,11052.646627664566,0.056015510112047195,0.055605776607990265,0.29690937519073485,0.2890571622716056,14.544813520643446,14.680084635416666,0.16483155412806405,0.16440052565601138,59155.779584
Wang_2023_260805_1120,65,1785932857.947593,11210.162107229233,0.0522991418838501,0.05186707526445389,0.28026229977607725,0.2742295212215847,15.165322931077744,15.216318800184462,0.20276047560903762,0.19401387648450003,59127.033856
Wang_2023_260805_1120,66,1785933019.5158477,11371.730361938477,0.05119671672582626,0.05079961195588112,0.2674612812201182,0.2621212685770459,15.396330189175076,15.471907420688206,0.21660763521989188,0.21099675738149218,59141.001216
Wang_2023_260805_1120,67,1785933185.3465502,11537.561064481735,0.052730824798345566,0.05235396325588226,0.2896651877959569,0.28384994818104636,14.774841770595975,14.803640162150066,0.1802086753315396,0.17212958382235632,59037.769728
Wang_2023_260805_1120,68,1785933344.77502,11696.989534139633,0.051551852375268936,0.051133450120687485,0.28846440805329215,0.28777949094772337,14.987556788126627,14.93598467932807,0.19654643966092003,0.18256758256091013,59288.440832
Wang_2023_260805_1120,69,1785933521.3299217,11873.544435977936,0.05206572636961937,0.051752425730228424,0.27645976728863186,0.2751299107074738,15.19147758907742,15.210131573147244,0.22229025496376886,0.2092430846558677,59457.282048
Wang_2023_260805_1120,70,1785933679.7147143,12031.929228544235,0.05305533483624458,0.052638616412878036,0.2915011566877365,0.29236353192064496,15.014539104037814,14.895744272867839,0.19008493761221568,0.178395018544462,59260.874752
Wang_2023_260805_1120,71,1785933851.329584,12203.54409813881,0.05354594066739082,0.05314294993877411,0.27782951136430106,0.26810939702722764,15.013948686387804,15.160563748677571,0.1994809004002147,0.19849228077464634,59290.03008
Wang_2023_260805_1120,72,1785934008.2118912,12360.42640542984,0.053891900926828384,0.05356796085834503,0.2962194522221883,0.28248432093196446,14.263476621839736,14.642309171888563,0.18660081638230216,0.18392636878622903,59387.502592
Wang_2023_260805_1120,73,1785934173.9305208,12526.145035028458,0.05495190620422363,0.054716214537620544,0.27088963468869526,0.26634150352742936,15.598827692667642,15.585142228868273,0.23916195303201676,0.23265717758072746,59259.469824
Wang_2023_260805_1120,74,1785934347.9254208,12700.139935016632,0.05010583624243736,0.04991215094923973,0.2594058926900228,0.25458723915947806,15.461923302544488,15.560315132141113,0.24980512665377722,0.23229075305991703,59608.158208
Wang_2023_260805_1120,75,1785934507.8289895,12860.043503761292,0.05076868087053299,0.05032413452863693,0.2746983607610067,0.2689030290974511,15.323950394524468,15.34297337849935,0.22251964181661607,0.21003016869227092,59599.065088
Wang_2023_260805_1120,76,1785934667.6468623,13019.861376523972,0.050336748361587524,0.04984080418944359,0.25554352952374354,0.24908337387773727,15.75608969370524,15.78229365878635,0.2599956347213851,0.24548859834671022,59608.952832
Wang_2023_260805_1120,77,1785934822.824838,13175.039352178574,0.05418273061513901,0.05389454588294029,0.28810064607196384,0.28557950814565025,15.150211363898384,15.07131138695611,0.2114567420548863,0.20074108309215968,59386.056704
Wang_2023_260805_1120,78,1785934981.645797,13333.86031126976,0.05074292793869972,0.05033409968018532,0.2585527593559689,0.25510379837618935,15.544248356289334,15.531228345235188,0.24402964919805525,0.2286702564689848,59682.59072
Wang_2023_260805_1120,79,1785935157.1924152,13509.40692949295,0.05100643262267113,0.0506545715034008,0.2751338877280553,0.2693161998192469,15.22325723859999,15.330175641377767,0.2277859228187137,0.21349076310793558,59765.37088
Wang_2023_260805_1120,80,1785935322.117764,13674.332278251648,0.0565263032913208,0.05638725683093071,0.26894704990916785,0.2661975859933429,15.501316757202149,15.477489306131998,0.24348144657082027,0.23123509724934896,59551.526912
Wang_2023_260805_1120,81,1785935484.7204576,13836.934971809387,0.0555606484413147,0.05502558499574661,0.290743679801623,0.28411423477861614,14.797014982435439,14.80206595102946,0.1943880753384696,0.18344961623350778,59492.63872
Wang_2023_260805_1120,82,1785935659.9665515,14012.181065797806,0.050197895616292953,0.049831822514534,0.2701881381538179,0.2624914301104016,15.230491947597928,15.353968611823188,0.22427576740582783,0.21299471696217856,59689.189376
Wang_2023_260805_1120,83,1785935825.1913388,14177.405853033066,0.05222778022289276,0.05191516503691673,0.26331971718205344,0.25849849740664166,15.373282576666938,15.481513506571451,0.2539907059404585,0.23761990520689222,59667.853312
Wang_2023_260805_1120,84,1785935985.165544,14337.380058288574,0.056015513837337494,0.055697958916425705,0.2801457295152876,0.27155644840664334,14.902738168504502,15.135682657029893,0.20216655611991882,0.199825994140572,59640.684544
Wang_2023_260805_1120,85,1785936148.5212636,14500.73577785492,0.04979807138442993,0.049587786197662354,0.27339485539330377,0.26902500569820403,15.104384002685547,15.224818365308973,0.22746607422828674,0.21050902475913366,59547.721728
Wang_2023_260805_1120,86,1785936311.2007053,14663.415219545364,0.04936962574720383,0.04912696033716202,0.27955676423178777,0.2724385403924518,14.807866028679742,15.04767305586073,0.2114715717236201,0.196185598274072,59646.332928
Wang_2023_260805_1120,87,1785936475.0553927,14827.26990699768,0.051519811153411865,0.051155805587768555,0.2647269025776121,0.25551589959197574,15.451269183688694,15.673247388203938,0.23117303030358421,0.23010378784603544,59659.89888
Wang_2023_260805_1120,88,1785936633.767107,14985.981621265411,0.05104414373636246,0.05052540823817253,0.2680700351132287,0.26284934328662024,15.421326467725965,15.47976747724745,0.21959349566035802,0.21171144230498207,59809.124352
